id,treatment,if_on,live_date,gender,age_range,live_stream_duration,live_stream_cnt,total_watching_duration,receive_amount,like_cnt,comment_cnt,share_cnt,voice_comment_cnt
738590855,1,1,2018-12-19,M,41-49,1857,5,222,0.0,22,2,0,0
32312663,1,1,2018-12-10,M,24-30,2252,1,1523,0.0,5,49,0,0
937891511,1,1,2018-12-08,M,24-30,2186,3,1740,0.0,65,12,0,0
387769033,1,1,2018-12-18,F,24-30,592,1,2531,0.0,44,6,0,0
228291084,1,1,2018-12-01,M,18-23,203,1,7,0.0,0,0,0,0
551626454,1,1,2018-12-17,F,24-30,3579,7,698,1.0,44,13,1,16
129612486,1,1,2018-12-15,M,18-23,52,1,0,0.0,0,0,0,0
863343557,1,1,2018-12-05,M,31-40,218,1,0,0.0,0,0,0,0
857666547,1,1,2018-12-09,M,24-30,8169,3,2124,1.0,43,15,0,29
527900085,1,1,2018-12-15,F,41-49,1505,1,2623,5.0,576,19,0,0
67779444,1,1,2018-12-12,M,50+,267,1,784,30.0,21,13,0,0
900754844,1,1,2018-12-16,F,18-23,3270,3,3544,10.0,83,44,0,0
860382443,1,1,2018-12-14,F,24-30,418,4,0,0.0,0,0,0,0
967481820,1,1,2018-12-17,F,18-23,1780,2,6867,4.0,620,35,1,0
149431022,1,1,2018-12-01,F,18-23,4647,5,18701,73.0,375,132,0,0
830014987,1,1,2018-12-14,M,18-23,908,2,31,0.0,0,0,0,0
425220574,1,1,2018-12-07,M,31-40,2484,1,29638,788.0,1570,82,0,35
818071918,1,1,2018-12-12,M,24-30,5164,2,4195,134.0,396,64,0,0
808346148,1,1,2018-12-12,F,41-49,17598,4,139151,978.0,1999,242,15,167
535098685,1,1,2018-12-14,M,18-23,492,2,89,0.0,0,1,0,0
507955747,1,1,2018-12-03,M,31-40,538,2,428,0.0,1,7,0,0
415885618,1,1,2018-12-03,F,31-40,1205,6,181,0.0,10,0,0,0
465711229,1,1,2018-12-19,M,24-30,5903,8,10107,64.0,935,66,2,0
435496506,1,1,2018-12-11,F,18-23,29,1,1,0.0,0,0,0,0
125110214,1,1,2018-12-18,M,41-49,11968,4,68832,958.0,4893,102,11,15
918906485,1,1,2018-12-12,F,31-40,9056,2,32694,842.0,152,326,3,0
692799672,1,1,2018-12-04,M,31-40,25567,4,27223,0.0,245,22,2,0
760103949,1,1,2018-12-09,F,24-30,2179,4,9103,78.0,272,11,1,3
788262959,1,1,2018-12-19,M,24-30,14280,8,1613,0.0,2,12,2,0
279910870,1,1,2018-12-10,M,24-30,4230,2,9635,36.0,234,108,1,0
119596499,1,1,2018-12-01,M,18-23,2591,4,1976,0.0,14,19,0,0
994855233,1,1,2018-12-02,F,31-40,1075,1,556,0.0,0,4,0,0
580159028,1,1,2018-12-11,M,18-23,181,1,471,0.0,62,3,0,0
701172866,1,1,2018-12-02,M,31-40,10306,3,44038,91.0,1895,170,3,6
351201979,1,1,2018-12-09,F,50+,1161,3,403,2.0,28,4,0,0
254199997,1,1,2018-12-02,F,24-30,533,1,69,0.0,5,0,0,0
17539023,1,1,2018-12-17,M,18-23,3446,4,1305,163.0,5,4,0,0
138615852,1,1,2018-12-07,M,18-23,2773,2,12445,28.0,785,42,0,8
694737095,1,1,2018-12-13,M,24-30,446,1,278,13.0,216,2,0,0
545085472,1,1,2018-12-09,F,24-30,4967,2,15382,289.0,884,82,3,27
587068735,1,1,2018-12-08,M,31-40,7094,6,36017,339.0,4141,126,9,0
264705308,1,1,2018-12-19,F,31-40,3901,2,28089,1126.0,1676,212,1,0
70535671,1,1,2018-12-14,F,18-23,378,3,15,0.0,0,0,0,0
500218628,1,1,2018-12-19,F,31-40,789,1,228,0.0,7,2,0,0
434063921,1,1,2018-12-11,F,18-23,1415,1,2460,3.0,34,28,0,0
638362300,1,1,2018-12-09,F,18-23,6175,2,25270,1156.0,2820,260,0,11
66687975,1,1,2018-12-12,M,18-23,2662,3,5866,32.0,96,59,0,0
274710282,1,1,2018-12-12,M,18-23,83,1,0,0.0,0,0,0,0
241627600,1,1,2018-12-12,F,24-30,1454,2,1207,3.0,10,5,2,0
106884629,1,1,2018-12-12,M,24-30,893,5,60,0.0,1,0,0,0
424656278,1,1,2018-12-19,F,31-40,373,1,177,0.0,27,3,0,0
34966255,1,1,2018-12-09,F,41-49,5724,13,34461,0.0,356,112,1,0
767709079,1,1,2018-12-15,F,24-30,15667,27,9428,1171.0,514,105,5,10
1008503501,1,1,2018-12-15,M,41-49,12,1,0,0.0,0,0,0,0
1096870096,1,1,2018-12-08,M,18-23,52,1,4,0.0,0,0,0,0
1051944735,1,1,2018-12-06,F,50+,803,3,495,0.0,57,0,0,0
827493451,1,1,2018-12-18,M,24-30,2040,2,1441,0.0,12,35,0,0
450903181,1,1,2018-12-07,M,18-23,23982,8,55713,67.0,2392,669,3,15
782893108,1,1,2018-12-12,F,24-30,430,3,142,0.0,0,7,0,0
906441754,1,1,2018-12-18,M,24-30,1326,2,1079,0.0,6,3,1,9
377725299,1,1,2018-12-08,F,24-30,448,1,612,0.0,7,11,0,0
716620080,1,1,2018-12-09,M,24-30,7576,7,28317,2.0,2498,167,3,0
457150546,1,1,2018-12-19,M,31-40,6646,3,17309,82.0,3141,165,1,0
1053171916,1,1,2018-12-13,F,31-40,241,2,6,0.0,0,0,0,0
21030178,1,1,2018-12-02,F,18-23,5778,3,1252181,3474.0,49475,1450,32,0
636824007,1,1,2018-12-18,F,24-30,6576,2,28062,35.0,511,90,5,0
407271429,1,1,2018-12-04,F,18-23,45,1,0,0.0,0,0,0,0
151329685,1,1,2018-12-11,M,24-30,6818,5,3854,12.0,88,86,1,0
836684425,1,1,2018-12-17,M,24-30,11,1,0,0.0,0,0,0,0
658035594,1,1,2018-12-03,M,24-30,279,1,213,0.0,3,6,0,0
163630315,1,1,2018-12-02,M,31-40,766,5,246,0.0,2,0,0,0
471674584,1,1,2018-12-15,M,41-49,387,1,69,0.0,3,0,1,0
246075091,1,1,2018-12-05,M,18-23,349,3,43,0.0,0,0,0,0
473472666,1,1,2018-12-09,F,31-40,25843,9,607704,2614.0,9483,1156,36,0
195118803,1,1,2018-12-20,M,31-40,2619,2,73752,35.0,2222,119,3,0
335766490,1,1,2018-12-19,M,50+,10275,4,77917,79.0,1558,596,7,0
338960416,1,1,2018-12-18,M,18-23,2728,11,2989,1.0,1080,53,2,0
334225138,1,1,2018-12-13,F,41-49,11967,1,1047752,265.0,2684,570,22,0
602941905,1,1,2018-12-15,F,24-30,25631,5,91602,328.0,529,459,8,71
927146237,1,1,2018-12-02,M,50+,2915,1,141706,650.0,7848,339,14,0
138567764,1,1,2018-12-18,M,31-40,2108,1,20534,7.0,212,35,2,0
494305530,1,1,2018-12-12,M,31-40,1131,3,1162,1.0,9,10,0,0
146834177,1,1,2018-12-16,M,24-30,12653,1,1075297,4783.0,17178,1862,20,0
655898885,1,1,2018-12-19,M,24-30,4833,1,25451,20.0,93,229,5,55
729396997,1,1,2018-12-15,M,31-40,2292,1,1422,0.0,7,1,0,4
712077670,1,1,2018-12-19,M,18-23,2197,3,1601,61.0,13,4,1,1
266576340,1,1,2018-12-02,F,24-30,3970,1,30140,348.0,477,178,2,0
477051844,1,1,2018-12-15,M,31-40,374,1,5,0.0,0,0,0,0
762456645,1,1,2018-12-12,M,41-49,5566,2,62332,175.0,305,135,2,0
350055242,1,1,2018-12-04,M,18-23,10902,4,12465,104.0,4049,103,3,0
566037263,1,1,2018-12-06,M,31-40,47,1,64,0.0,0,0,0,0
674189550,1,1,2018-12-03,M,24-30,97,2,0,0.0,0,0,0,0
578463795,1,1,2018-12-06,F,31-40,6455,2,20704,348.0,8968,68,4,0
796554885,1,1,2018-12-16,M,41-49,422,3,96,0.0,0,3,0,0
722290020,1,1,2018-12-15,F,24-30,1843,2,4173,29.0,168,40,1,1
345486840,1,1,2018-12-14,M,31-40,5734,4,5178,3.0,49,164,1,0
503634427,1,1,2018-12-16,M,31-40,4260,6,1494,0.0,53,37,0,2
945378591,1,1,2018-12-03,M,24-30,285,2,163,0.0,3,2,0,0
753374287,1,1,2018-12-13,F,50+,1254,4,3785,4.0,97,2,1,15
18061691,1,1,2018-12-02,F,41-49,14377,2,467298,556.0,10037,530,26,445
1037863937,1,1,2018-12-10,F,18-23,29,1,0,0.0,0,0,0,0
570890761,1,1,2018-12-20,M,18-23,32,1,0,0.0,0,0,0,0
17153709,1,1,2018-12-05,F,18-23,90,2,7,0.0,0,0,0,0
147878770,1,1,2018-12-07,F,24-30,14888,3,80624,1721.0,8900,428,2,0
571477071,1,1,2018-12-16,M,41-49,6206,2,37901,3.0,1249,124,3,0
465065948,1,1,2018-12-03,M,31-40,2753,1,3746,0.0,50,7,0,0
343150021,1,1,2018-12-16,F,18-23,450,1,392,0.0,16,13,0,0
77519002,1,1,2018-12-03,M,18-23,7451,7,85890,957.0,2108,152,2,0
246482383,1,1,2018-12-16,F,18-23,10570,7,13272,113.0,1096,104,0,9
357940630,1,1,2018-12-07,M,18-23,1017,3,335,0.0,5,5,0,0
27146087,1,1,2018-12-04,M,31-40,47,2,1,0.0,0,0,0,0
196578284,1,1,2018-12-06,M,31-40,6629,3,3269,0.0,897,35,1,0
105137296,1,1,2018-12-07,M,18-23,312,1,9,0.0,0,0,0,0
173183930,1,1,2018-12-13,M,31-40,15734,2,492470,316.0,7096,738,23,43
343511529,1,1,2018-12-11,M,24-30,167,2,0,0.0,0,0,0,0
600435347,1,1,2018-12-17,F,50+,6707,2,58170,1481.0,1216,413,7,1
21050162,1,1,2018-12-12,F,18-23,2649,1,24740,505.0,147,119,4,61
694193406,1,1,2018-12-09,M,31-40,2545,1,284,0.0,162,1,0,0
251957869,1,1,2018-12-01,M,24-30,8406,3,528730,3396.0,5203,695,28,0
934909108,1,1,2018-12-18,F,31-40,1193,1,2386,0.0,2,0,0,0
52980109,1,1,2018-12-17,M,31-40,6106,1,120625,360.0,13675,246,13,0
374528247,1,1,2018-12-10,M,18-23,1687,1,16,0.0,0,0,0,0
145556256,1,1,2018-12-05,M,31-40,183,1,0,0.0,0,0,0,0
883429150,1,1,2018-12-15,M,24-30,413,1,2,0.0,0,0,0,0
648362142,1,1,2018-12-17,M,24-30,451,2,116,0.0,2,0,0,1
682733083,1,1,2018-12-07,M,41-49,4718,5,3928,49.0,390,26,1,1
86100817,1,1,2018-12-17,M,18-23,47,1,2,0.0,0,0,0,0
225468780,1,1,2018-12-14,M,31-40,3301,3,2563,0.0,39,13,1,30
701782586,1,1,2018-12-12,M,31-40,512,1,343,0.0,8,8,0,0
515929352,1,1,2018-12-03,F,41-49,492,1,1572,0.0,10,1,1,0
374102027,1,1,2018-12-17,M,18-23,3806,2,7252,5.0,1060,88,2,0
402486378,0,1,2018-12-16,M,18-23,828,1,973,1.0,194,29,1,0
306354200,1,1,2018-12-04,M,50+,908,1,826,30.0,13,9,0,1
722103156,1,1,2018-12-15,F,24-30,2384,1,6397,118.0,777,26,3,16
265429248,1,1,2018-12-01,M,24-30,435,1,54,0.0,0,0,0,0
783123124,1,1,2018-12-18,M,24-30,531,1,310,0.0,0,0,0,0
993969486,1,1,2018-12-06,F,24-30,227,1,28,0.0,0,0,0,0
434493981,1,1,2018-12-15,M,24-30,1450,1,1690,1.0,28,20,0,0
207301642,1,1,2018-12-07,M,24-30,7609,1,353,0.0,0,9,0,0
444237428,1,1,2018-12-13,F,24-30,58,1,49,0.0,0,0,0,0
902200792,1,1,2018-12-09,F,31-40,3294,5,2069,4.0,115,10,0,0
866882480,1,1,2018-12-17,F,50+,2121,5,75,0.0,2,0,0,0
1101428298,1,1,2018-12-17,M,24-30,2246,3,3636,86.0,233,19,0,0
758205609,1,1,2018-12-03,M,31-40,1036,1,946,0.0,14,4,0,0
139398129,1,1,2018-12-01,M,50+,1541,3,2684,40.0,76,49,1,0
16746468,1,1,2018-12-19,F,31-40,160,1,16,0.0,0,0,0,0
2265234,1,1,2018-12-01,F,24-30,9660,2,87053,3139.0,919,415,6,0
567023943,1,1,2018-12-02,M,24-30,823,1,425,0.0,14,2,0,0
139327646,1,1,2018-12-11,F,24-30,861,2,1475,17.0,47,20,0,0
735326060,1,1,2018-12-18,M,24-30,433,1,38,0.0,0,0,0,0
324672425,1,1,2018-12-09,M,24-30,969,2,226,0.0,22,0,0,0
813801787,1,1,2018-12-18,M,41-49,77,1,7,0.0,0,0,0,0
683827246,1,1,2018-12-14,F,41-49,3611,2,3120,13.0,26,34,1,1
393964005,1,1,2018-12-10,F,18-23,8126,5,20384,234.0,536,99,1,89
996273208,1,1,2018-12-03,M,24-30,2579,7,1653,0.0,7,1,0,0
145229049,1,1,2018-12-19,M,31-40,4289,4,13169,128.0,188,92,1,5
749506287,1,1,2018-12-13,M,18-23,7919,4,17737,885.0,860,98,0,11
664718236,1,1,2018-12-14,M,24-30,640,2,298,0.0,1,3,0,0
628189371,1,1,2018-12-17,M,24-30,2447,3,1608,1.0,77,11,0,6
1003977434,1,1,2018-12-11,M,18-23,357,1,8,0.0,0,0,0,0
565926852,1,1,2018-12-15,M,24-30,8352,1,16859,547.0,3276,155,4,0
1024803806,1,1,2018-12-14,F,18-23,1837,4,395,0.0,22,2,0,0
148165455,1,1,2018-12-11,F,18-23,21112,12,64096,191.0,423,440,3,0
945207167,1,1,2018-12-10,M,18-23,915,1,1020,0.0,73,13,0,0
337990579,1,1,2018-12-17,M,24-30,3810,12,1297,0.0,18,29,0,4
928408316,1,1,2018-12-19,M,31-40,1547,2,557,0.0,7,7,0,0
519371903,1,1,2018-12-17,M,41-49,2726,1,4086,48.0,1457,18,0,0
472126362,1,1,2018-12-19,F,12-17,1127,1,306,0.0,143,1,0,0
159850987,1,1,2018-12-02,M,18-23,527,1,1643,0.0,8,0,0,0
780318948,1,1,2018-12-11,M,18-23,52,1,82,0.0,0,0,0,1
873872418,1,1,2018-12-16,M,31-40,1328,1,4500,256.0,645,14,3,0
182559737,1,1,2018-12-06,M,18-23,127,1,13,0.0,0,0,0,0
28831670,1,1,2018-12-19,M,18-23,1943,2,444,0.0,11,0,1,10
722751772,1,1,2018-12-04,F,24-30,1092,2,988,0.0,92,12,0,0
138573310,1,1,2018-12-05,M,18-23,310,1,435,0.0,6,10,0,0
488360222,1,1,2018-12-14,M,18-23,18,1,0,0.0,0,0,0,0
52889979,1,1,2018-12-10,M,24-30,832,2,0,0.0,0,0,0,0
428755873,1,1,2018-12-20,F,24-30,1042,2,2538,5.0,24,40,0,0
17065333,1,1,2018-12-20,F,18-23,778,1,763,0.0,19,17,0,0
544834932,1,1,2018-12-14,M,31-40,3112,2,6144,80.0,887,91,1,10
518931045,1,1,2018-12-05,M,24-30,9308,5,454269,93.0,2484,782,21,0
589609574,1,1,2018-12-10,M,31-40,2300,5,783,0.0,4,0,0,0
400457859,1,1,2018-12-05,F,18-23,41,1,7,0.0,0,0,0,0
834925057,1,1,2018-12-03,M,24-30,2479,2,786,0.0,3,3,0,0
77104072,1,1,2018-12-05,M,18-23,125,1,6,0.0,0,0,0,0
780187200,1,1,2018-12-09,M,24-30,21648,3,48121,208.0,1697,366,4,9
497417604,1,1,2018-12-12,M,31-40,514,1,296,0.0,0,5,0,0
666933772,1,1,2018-12-06,M,41-49,13,1,0,0.0,0,0,0,0
154351785,1,1,2018-12-13,M,24-30,373,2,24,0.0,0,0,0,0
357366318,1,1,2018-12-05,M,24-30,5071,2,12400,31.0,2882,70,1,0
110575012,1,1,2018-12-20,M,18-23,5408,1,49258,93.0,9531,178,18,0
493141665,1,1,2018-12-08,F,24-30,3434,2,4246,0.0,114,40,2,0
802692614,1,1,2018-12-17,M,24-30,3226,1,60,0.0,0,0,0,0
685207127,1,1,2018-12-17,M,31-40,1537,3,4006,21.0,542,7,5,1
10657039,1,1,2018-12-09,F,18-23,10894,1,28744,2360.0,669,259,2,0
368937324,1,1,2018-12-10,F,31-40,447,2,354,0.0,10,2,0,0
146967540,1,1,2018-12-04,M,18-23,1019,1,0,0.0,0,0,0,0
499757812,1,1,2018-12-16,M,31-40,543,4,229,0.0,57,0,0,0
1105538067,1,1,2018-12-04,F,31-40,1257,1,1311,0.0,12,1,0,13
676711337,1,1,2018-12-06,F,18-23,30,1,0,0.0,0,0,0,0
746273519,1,1,2018-12-09,F,31-40,1208,5,601,0.0,5,3,0,0
144044964,1,1,2018-12-04,M,24-30,281,2,54,0.0,0,0,0,0
797500387,1,1,2018-12-18,F,24-30,5529,2,7445,6.0,654,85,0,0
941921321,1,1,2018-12-08,F,50+,8943,2,21636,83.0,135,248,3,0
820598729,1,1,2018-12-08,M,24-30,22726,9,36286,3.0,1429,231,3,206
159770308,1,1,2018-12-09,M,24-30,19329,7,158005,8420.0,6870,406,11,68
57191217,1,1,2018-12-10,F,24-30,11403,1,47247,140.0,518,192,3,243
302522222,1,1,2018-12-10,F,24-30,12180,3,50240,1125.0,490,360,18,27
202456504,1,1,2018-12-18,M,24-30,149,1,0,0.0,0,0,0,0
720436813,1,1,2018-12-04,F,24-30,8616,1,114784,643.0,2015,324,4,0
657838687,1,1,2018-12-14,M,24-30,111,2,15,0.0,0,0,0,0
15362884,1,1,2018-12-03,M,31-40,7633,3,83170,2766.0,1537,160,3,0
793269941,1,1,2018-12-12,F,50+,4055,11,7167,41.0,154,66,0,1
783106208,1,1,2018-12-19,M,31-40,3728,8,1639,0.0,76,30,0,0
618543365,1,1,2018-12-07,M,24-30,897,2,190,0.0,2,2,0,0
21154303,1,1,2018-12-03,M,18-23,4196,3,16978,3.0,227,60,0,0
51514029,1,1,2018-12-08,M,41-49,153,1,541,0.0,3,2,0,2
235098777,1,1,2018-12-02,F,18-23,81,1,6,0.0,0,0,0,0
56680579,1,1,2018-12-11,M,18-23,387,2,659,0.0,21,8,0,0
756328149,1,1,2018-12-04,F,31-40,9333,6,79755,3444.0,588,437,5,0
859330106,1,1,2018-12-14,M,24-30,588,1,220,0.0,1,3,0,0
5930351,1,1,2018-12-07,F,18-23,23069,9,138232,15471.0,7741,1648,5,0
818618153,1,1,2018-12-08,M,31-40,2104,6,77920,5.0,203,51,3,0
294274979,1,1,2018-12-05,M,18-23,656,2,24,0.0,0,0,0,0
734545755,1,1,2018-12-17,F,18-23,331,1,0,0.0,0,0,0,0
805514253,1,1,2018-12-20,M,18-23,6636,4,31700,184.0,1395,86,2,0
1034753383,1,1,2018-12-14,M,41-49,2188,1,822,0.0,7,36,0,0
926093974,1,1,2018-12-02,M,50+,6713,2,52626,1450.0,2115,373,3,0
610394473,1,1,2018-12-03,F,18-23,430,3,96,0.0,6,0,0,0
172484451,1,1,2018-12-16,M,41-49,1437,1,8653,187.0,693,46,0,0
916434140,1,1,2018-12-12,M,31-40,2551,2,3719,0.0,532,47,1,22
98756171,1,1,2018-12-02,F,24-30,5131,4,36241,626.0,806,205,3,0
323133686,1,1,2018-12-06,F,50+,24846,14,53916,829.0,834,235,4,206
730256494,1,1,2018-12-05,M,31-40,5944,3,730,2.0,38,14,0,0
142974087,1,1,2018-12-13,F,31-40,16179,3,408898,18322.0,6390,670,8,0
487463894,1,1,2018-12-20,M,41-49,22,1,0,0.0,0,0,0,0
800191274,1,1,2018-12-13,F,31-40,1591,2,3986,2.0,71,20,0,4
402378265,1,1,2018-12-18,F,24-30,13738,2,2235843,18414.0,21763,702,49,0
278742475,1,1,2018-12-15,F,41-49,3266,1,21341,0.0,139,72,0,0
1040356709,1,1,2018-12-09,M,24-30,300,3,19,0.0,0,0,0,0
425132570,1,1,2018-12-03,M,24-30,7550,3,762,0.0,18,0,0,0
374752994,1,1,2018-12-10,F,18-23,4097,2,12474,72.0,38,160,1,25
1016212366,1,1,2018-12-20,F,18-23,270,2,48,0.0,0,0,0,0
211452669,1,1,2018-12-09,F,31-40,495,1,89,0.0,0,0,0,0
810911539,1,1,2018-12-02,M,41-49,2351,2,3345,0.0,146,8,5,0
701393523,1,1,2018-12-18,F,31-40,15233,2,135809,14799.0,8062,281,4,0
572007633,1,1,2018-12-03,M,31-40,2254,10,3441,0.0,16,26,0,0
103742065,1,1,2018-12-01,M,24-30,24412,1,3683,0.0,17,0,0,0
1024396741,1,1,2018-12-12,M,31-40,759,1,81,0.0,1,0,0,0
349259022,1,1,2018-12-05,M,41-49,3153,3,105722,234.0,5007,341,4,0
637168676,1,1,2018-12-12,M,18-23,481,1,348,0.0,22,0,0,0
548901263,1,1,2018-12-19,M,31-40,7126,2,22819,21.0,289,35,1,8
247965724,1,1,2018-12-07,M,24-30,1937,8,189,2.0,4,1,1,0
564948204,1,1,2018-12-01,M,12-17,681,2,1201,3.0,108,19,0,0
1026506059,1,1,2018-12-03,F,24-30,7352,8,5160,5.0,95,60,3,0
815968394,1,1,2018-12-06,M,31-40,5129,3,104317,104.0,5478,52,12,17
68855048,1,1,2018-12-07,M,18-23,1046,3,13019,266.0,315,68,2,0
907662725,1,1,2018-12-06,F,18-23,248,1,10,0.0,0,0,0,0
615267750,1,1,2018-12-10,M,24-30,1277,4,2552,0.0,16,6,0,3
1007502309,1,1,2018-12-19,F,31-40,9027,11,16811,7.0,817,100,1,51
428187670,1,1,2018-12-04,F,31-40,183,1,8,0.0,0,0,0,0
183086903,1,1,2018-12-20,M,31-40,1107,4,1432,0.0,98,7,0,9
154090371,1,1,2018-12-10,M,18-23,2885,2,12920,3.0,36,51,0,0
394731339,1,1,2018-12-14,F,24-30,2308,3,6419,0.0,485,61,1,0
868015849,1,1,2018-12-06,F,24-30,2098,1,2480,3.0,9,11,0,0
23278336,1,1,2018-12-15,M,18-23,183,1,35,0.0,0,0,0,0
116381631,1,1,2018-12-03,M,18-23,372,1,4,0.0,0,0,0,0
197420709,1,1,2018-12-18,M,24-30,1138,1,545,0.0,6,14,0,0
359503453,1,1,2018-12-14,M,24-30,558,1,733,0.0,111,23,0,0
175554368,1,1,2018-12-08,F,31-40,5970,2,163521,1219.0,6505,232,18,0
55234159,1,1,2018-12-08,M,18-23,124,1,103,0.0,0,1,0,0
30158850,1,1,2018-12-16,M,18-23,3851,5,11912,61.0,1122,135,2,0
784650729,1,1,2018-12-10,M,31-40,289,1,74,0.0,1,0,0,0
642268277,1,1,2018-12-06,M,24-30,3176,4,4583,0.0,18,33,0,3
319065382,1,1,2018-12-01,M,18-23,2427,2,2406,16.0,147,83,0,0
21030178,1,1,2018-12-08,F,18-23,2887,2,191295,3557.0,9216,386,10,0
444898272,1,1,2018-12-10,F,31-40,2990,1,12650,54.0,879,56,1,0
301195425,1,1,2018-12-13,M,41-49,462,2,23,0.0,0,0,0,0
44965582,1,1,2018-12-14,M,18-23,2027,2,1523,1.0,1,6,0,0
23679625,1,1,2018-12-20,M,18-23,1852,3,1042,1.0,9,31,0,0
684131147,1,1,2018-12-01,F,41-49,4287,2,1700,0.0,89,21,0,0
511978596,1,1,2018-12-17,F,24-30,204,1,252,0.0,0,0,0,3
896636697,1,1,2018-12-10,F,31-40,154,1,0,0.0,0,0,0,0
659527793,1,1,2018-12-15,M,24-30,1718,6,732,0.0,12,13,0,0
468051523,1,1,2018-12-06,F,18-23,1253,2,364,0.0,0,3,0,0
800778484,1,1,2018-12-14,M,18-23,2782,2,937,0.0,236,19,0,0
341251979,1,1,2018-12-08,M,31-40,3239,1,5407,0.0,609,94,0,0
343807974,1,1,2018-12-07,F,18-23,4065,1,10015,151.0,320,24,3,0
341517060,1,1,2018-12-09,F,31-40,355,2,21,0.0,0,0,0,0
755782956,1,1,2018-12-06,M,41-49,239,2,216,0.0,26,0,0,0
840094533,1,1,2018-12-12,F,41-49,9815,6,54368,156.0,628,167,2,93
886931763,1,1,2018-12-08,F,41-49,1569,1,1174,0.0,2,2,2,0
635777892,1,1,2018-12-01,M,31-40,5401,7,5478,0.0,218,67,1,0
29820151,1,1,2018-12-18,M,24-30,1584,3,3195,293.0,2,1,1,0
597434671,1,1,2018-12-09,F,24-30,4109,5,2368,0.0,15,25,1,0
303435049,1,1,2018-12-14,F,18-23,1153,4,3442,54.0,320,40,0,0
453809219,1,1,2018-12-18,F,31-40,1680,2,2379,0.0,8,45,0,0
643073867,1,1,2018-12-16,M,31-40,3476,2,6874,129.0,261,35,0,0
462810505,1,1,2018-12-02,F,31-40,2962,2,12,0.0,0,0,0,0
9889064,1,1,2018-12-06,F,18-23,10343,8,91779,17251.0,2295,201,3,21
46957670,1,1,2018-12-14,M,24-30,75,2,3,0.0,0,0,0,0
476853771,1,1,2018-12-06,M,50+,7625,1,204232,10536.0,5256,228,17,0
1004940261,1,1,2018-12-19,M,31-40,3492,1,109,0.0,13,0,0,0
112162090,1,1,2018-12-10,F,18-23,165,1,2,0.0,0,0,0,0
151182266,1,1,2018-12-12,M,18-23,283,1,28,0.0,0,0,0,0
889528413,1,1,2018-12-18,F,24-30,688,2,1297,6.0,4,11,0,0
1088964300,1,1,2018-12-05,F,31-40,3808,5,4970,0.0,18,51,0,0
658619267,1,1,2018-12-10,F,31-40,3304,8,3966,16.0,67,45,1,0
223036374,1,1,2018-12-19,M,18-23,65,2,93,0.0,0,0,0,0
16211845,1,1,2018-12-09,M,18-23,2479,2,1977,21.0,15,41,0,0
610631579,1,1,2018-12-15,F,18-23,1975,4,895,0.0,220,9,0,0
807476525,1,1,2018-12-16,F,41-49,3388,1,14467,30.0,636,153,3,0
20061849,1,1,2018-12-13,F,18-23,7258,2,139708,3529.0,3421,253,2,0
395178000,1,1,2018-12-18,F,31-40,4507,2,12900,308.0,713,34,1,0
845323550,1,1,2018-12-14,M,31-40,1156,2,307,1.0,24,3,0,0
609920859,1,1,2018-12-19,F,24-30,80,1,0,0.0,0,0,0,0
542609806,1,1,2018-12-11,F,18-23,5392,3,37241,997.0,433,336,1,0
461709800,1,1,2018-12-03,M,24-30,509,4,170,6.0,3,6,0,0
364998922,1,1,2018-12-10,M,24-30,183,1,6,0.0,0,0,0,0
427811919,1,1,2018-12-14,F,31-40,1691,1,4047,2.0,426,23,0,0
653072811,1,1,2018-12-18,M,18-23,511,1,875,0.0,9,5,0,0
385317635,1,1,2018-12-16,F,31-40,9133,3,16804,22.0,541,205,2,10
455702495,1,1,2018-12-11,M,41-49,17,1,1,0.0,0,0,0,0
806300074,1,1,2018-12-15,M,31-40,9379,3,8796,0.0,226,112,0,15
785029250,1,1,2018-12-17,M,41-49,6333,2,3677,1.0,30,55,0,11
364256784,1,1,2018-12-01,F,31-40,788,7,8,0.0,0,0,0,0
782260233,1,1,2018-12-01,F,31-40,51,1,0,0.0,0,0,0,0
552059010,1,1,2018-12-14,M,24-30,88,1,7,0.0,0,0,0,0
413527111,1,1,2018-12-02,M,31-40,2126,1,1327,6.0,19,14,0,0
744585723,1,1,2018-12-01,M,18-23,4014,1,14755,18.0,779,194,0,0
139795373,1,1,2018-12-16,M,41-49,14701,2,492367,303.0,4104,308,13,0
124485989,1,1,2018-12-03,M,24-30,1630,4,2064,4.0,59,2,0,0
538508842,1,1,2018-12-19,F,18-23,7935,3,64502,28.0,1149,324,3,0
841212007,1,1,2018-12-02,F,31-40,2011,2,4342,200.0,66,8,1,0
789606815,1,1,2018-12-13,F,18-23,5819,3,19614,1128.0,564,114,3,0
123337066,1,1,2018-12-05,M,24-30,24742,8,219520,224.0,3476,187,14,0
201206903,1,1,2018-12-18,F,24-30,5397,2,93233,5903.0,8254,297,15,0
273529436,1,1,2018-12-13,F,31-40,1305,2,1095,0.0,3,24,0,0
774498022,1,1,2018-12-18,M,41-49,17,1,0,0.0,0,0,0,0
1121430410,1,1,2018-12-18,M,31-40,1609,2,1091,6.0,344,0,0,0
368859267,1,1,2018-12-13,M,24-30,1617,4,835,6.0,13,9,0,0
910362571,1,1,2018-12-07,F,31-40,1178,8,358,0.0,0,2,0,0
21114601,1,1,2018-12-17,M,31-40,1760,1,4643,197.0,183,28,4,0
108252879,1,1,2018-12-20,M,24-30,4836,1,51202,96.0,1367,265,6,27
140843286,1,1,2018-12-06,M,18-23,178,2,24,0.0,1,0,0,0
636359372,1,1,2018-12-18,F,31-40,6840,2,74539,95.0,1549,378,11,58
1077203471,1,1,2018-12-14,M,18-23,638,1,45,0.0,0,0,0,0
819783297,1,1,2018-12-20,M,18-23,2032,5,463,0.0,3,1,0,0
133206321,1,1,2018-12-09,M,31-40,18113,11,188101,1054.0,35250,346,38,0
438421027,1,1,2018-12-20,M,24-30,663,2,784,5.0,3,23,0,0
673220893,1,1,2018-12-06,M,24-30,1373,2,144,0.0,1,3,0,0
565340613,1,1,2018-12-15,M,31-40,1309,2,3137,0.0,241,11,0,1
599949206,1,1,2018-12-15,M,31-40,2226,1,13034,1.0,318,2,0,0
954630803,1,1,2018-12-20,M,24-30,146,1,112,0.0,0,0,0,0
1108115835,1,1,2018-12-12,M,12-17,5627,38,2767,0.0,309,8,1,5
734357057,1,1,2018-12-01,M,18-23,51,1,20,0.0,1,0,0,0
31949587,1,1,2018-12-16,M,31-40,260,3,4,0.0,2,0,0,0
707634258,1,1,2018-12-15,F,24-30,488,1,286,0.0,7,3,0,0
780187200,1,1,2018-12-19,M,24-30,6481,5,7873,0.0,31,56,6,7
230234946,1,1,2018-12-15,M,24-30,6268,1,8347,6.0,111,93,2,1
50474419,1,1,2018-12-11,F,18-23,7134,2,212260,695.0,882,386,22,118
588312585,1,1,2018-12-11,M,18-23,1579,3,879,0.0,66,10,0,0
564048992,1,1,2018-12-14,F,18-23,160,4,5,0.0,0,0,0,0
290791870,1,1,2018-12-13,M,31-40,4853,4,13238,13.0,1604,196,2,0
232917771,1,1,2018-12-15,F,24-30,573,5,782,40.0,4,9,0,0
775031421,1,1,2018-12-09,F,18-23,620,3,13,0.0,0,0,0,0
317116020,1,1,2018-12-15,M,24-30,335,3,78,0.0,29,0,0,0
351917328,1,1,2018-12-16,M,18-23,187,2,24,0.0,0,0,0,0
418500470,1,1,2018-12-19,M,18-23,941,6,34,0.0,1,0,0,0
44993322,1,1,2018-12-19,M,24-30,188,1,161,0.0,3,2,0,0
559325752,1,1,2018-12-01,F,24-30,471,2,0,0.0,0,0,0,0
329898888,1,1,2018-12-06,M,24-30,154,1,33,0.0,0,0,0,0
958175294,1,1,2018-12-14,F,50+,1543,4,1039,0.0,15,17,5,0
785824507,1,1,2018-12-02,M,24-30,45,1,13,0.0,0,0,0,0
42222195,1,1,2018-12-08,M,24-30,184,1,0,0.0,0,0,0,0
530434962,1,1,2018-12-18,F,24-30,3111,4,3118,42.0,15,36,2,0
689409232,1,1,2018-12-10,M,31-40,2982,5,1749,0.0,1128,0,0,0
374165025,1,1,2018-12-02,M,24-30,8479,2,3161,1.0,188,25,3,4
382359751,1,1,2018-12-06,M,24-30,2560,4,4703,0.0,89,18,0,10
659369173,1,1,2018-12-06,F,50+,39323,3,1625466,259.0,8369,956,45,0
357343706,1,1,2018-12-01,M,18-23,865,3,288,0.0,18,0,0,0
496186972,1,1,2018-12-18,M,18-23,5243,1,104543,305.0,6588,159,10,0
771584941,1,1,2018-12-10,F,24-30,2481,5,3080,2.0,15,57,7,0
206977191,1,1,2018-12-16,M,24-30,7882,2,707212,60.0,6281,218,12,0
365438653,1,1,2018-12-13,M,24-30,180,1,0,0.0,0,0,0,0
704053326,1,1,2018-12-16,M,31-40,3427,5,2277,18.0,161,1,0,0
58600748,1,1,2018-12-13,M,24-30,2030,4,2032,0.0,50,17,0,0
565023642,1,1,2018-12-12,F,31-40,458,2,579,0.0,0,2,0,0
84957040,1,1,2018-12-17,F,18-23,13770,7,8536,458.0,680,61,1,2
698838355,1,1,2018-12-01,M,31-40,234,2,0,0.0,0,0,0,0
186181023,1,1,2018-12-20,M,18-23,199,3,492,0.0,104,0,0,0
557719205,1,1,2018-12-11,F,18-23,1078,2,232,0.0,47,0,0,0
110706171,1,1,2018-12-03,F,18-23,2672,1,8294,30.0,182,94,1,0
208113960,1,1,2018-12-19,M,41-49,767,1,1347,2.0,4,4,0,0
12830542,1,1,2018-12-02,F,24-30,214,1,392,0.0,51,8,0,0
187564139,1,1,2018-12-12,F,31-40,741,1,820,9.0,4,12,1,0
315053440,1,1,2018-12-11,M,41-49,1190,2,3232,0.0,115,24,0,0
672681483,1,1,2018-12-12,M,41-49,9415,2,231097,2941.0,2465,220,15,0
223527879,1,1,2018-12-13,M,18-23,202,1,371,0.0,0,0,0,0
448284639,1,1,2018-12-01,F,24-30,2154,1,787,0.0,25,10,0,0
843039795,1,1,2018-12-19,M,31-40,267,1,35,0.0,0,0,0,0
738674422,1,1,2018-12-16,M,31-40,507,3,1182,0.0,4,0,0,0
868282310,1,1,2018-12-01,F,18-23,201,1,0,0.0,0,0,0,0
29820151,1,1,2018-12-08,M,24-30,1068,2,1056,244.0,31,10,0,0
861435504,1,1,2018-12-19,F,50+,3122,1,9179,11.0,766,115,0,0
704771774,1,1,2018-12-06,F,24-30,4429,4,14943,239.0,173,124,2,0
260346410,1,1,2018-12-20,M,24-30,6730,13,11068,0.0,1007,120,0,1
533996778,1,1,2018-12-11,M,18-23,806,4,698,0.0,12,4,0,0
399702105,1,1,2018-12-17,M,31-40,176,2,0,0.0,0,0,0,0
388885766,1,1,2018-12-18,M,41-49,1818,1,678,0.0,166,1,2,0
463875998,1,1,2018-12-12,F,18-23,2413,1,7732,0.0,84,94,1,0
126125776,1,1,2018-12-15,F,18-23,2904,19,149,0.0,0,0,0,0
546629911,1,1,2018-12-13,F,31-40,21272,2,2907541,10.0,2525,763,43,0
585192176,1,1,2018-12-04,F,31-40,11788,6,27829,14.0,666,304,0,148
593497885,1,1,2018-12-08,F,24-30,162,1,80,0.0,3,1,0,0
511510672,1,1,2018-12-18,M,18-23,5654,2,168458,844.0,4622,317,10,0
261000634,1,1,2018-12-20,F,18-23,981,1,0,0.0,0,0,0,0
637059506,1,1,2018-12-10,M,18-23,92,1,0,0.0,0,0,0,0
879593077,1,1,2018-12-13,F,24-30,2848,2,6689,8.0,2752,30,3,0
27097277,1,1,2018-12-15,M,18-23,14078,3,40653,1314.0,926,273,2,0
880527831,1,1,2018-12-16,F,24-30,5497,7,18771,88.0,399,47,2,29
442437465,1,1,2018-12-13,M,31-40,20727,10,48625,62.0,1794,133,14,15
714699460,1,1,2018-12-15,M,18-23,1506,3,1408,60.0,47,13,0,0
623108877,1,1,2018-12-20,F,24-30,4965,2,15223,9.0,347,72,1,5
516800578,1,1,2018-12-02,M,24-30,3625,2,3109,32.0,139,9,0,0
718058132,1,1,2018-12-15,M,18-23,4898,2,18135,47.0,934,84,2,5
188268023,1,1,2018-12-15,M,18-23,3464,3,7287,1.0,563,49,2,30
882212892,1,1,2018-12-13,F,24-30,13,1,0,0.0,0,0,0,0
644434623,1,1,2018-12-04,F,31-40,1992,4,4124,235.0,53,13,1,0
276670759,1,1,2018-12-09,F,24-30,311,1,72,0.0,0,0,0,0
713057502,1,1,2018-12-20,M,18-23,1082,2,975,0.0,61,10,0,0
25232949,1,1,2018-12-11,M,24-30,92,1,94,0.0,0,0,0,0
621146396,1,1,2018-12-15,F,41-49,4891,1,76254,334.0,2801,210,3,0
555644112,1,1,2018-12-06,M,24-30,5812,3,11943,109.0,302,45,8,0
722858785,1,1,2018-12-20,F,24-30,353,1,0,0.0,0,0,0,0
889847743,1,1,2018-12-04,M,31-40,871,1,4,0.0,0,0,0,0
783490945,1,1,2018-12-06,M,41-49,3140,2,51,0.0,1,0,0,0
1104304804,1,1,2018-12-19,F,41-49,261,1,842,0.0,2,1,0,0
215214775,1,1,2018-12-10,F,24-30,1532,2,2299,2.0,79,20,2,0
422448429,1,1,2018-12-07,F,24-30,5159,5,30294,578.0,1364,142,4,0
100691654,1,1,2018-12-10,F,41-49,2480,3,25611,23.0,321,55,2,5
433634326,1,1,2018-12-09,M,50+,1027,2,2440,0.0,317,19,2,0
129484801,1,1,2018-12-05,M,24-30,3200,2,0,0.0,0,0,0,0
140877288,1,1,2018-12-15,F,24-30,1973,1,8185,97.0,251,59,2,10
556565789,1,1,2018-12-05,F,18-23,686,1,996,2.0,16,5,0,0
238039877,1,1,2018-12-01,F,41-49,2156,4,3474,29.0,165,36,1,0
760087124,1,1,2018-12-03,M,24-30,547,2,112,0.0,0,0,0,0
751195118,1,1,2018-12-11,F,31-40,148,1,12,0.0,0,0,0,0
602028224,1,1,2018-12-07,M,24-30,215,2,84,65.0,22,0,0,0
420742667,1,1,2018-12-15,M,24-30,222,2,11,0.0,0,0,0,0
312891805,1,1,2018-12-16,M,18-23,3363,2,8246,27.0,213,60,1,13
560384857,1,1,2018-12-17,M,24-30,2247,8,650,0.0,14,0,0,0
96832603,1,1,2018-12-09,F,24-30,6907,2,4256,0.0,14,20,0,0
690874474,1,1,2018-12-04,M,24-30,1579,14,508,0.0,7,1,0,0
247240176,1,1,2018-12-09,M,24-30,7272,12,8041,1.0,440,54,0,13
919354115,1,1,2018-12-12,F,24-30,827,2,182,0.0,3,2,0,0
705629694,1,1,2018-12-10,F,24-30,10133,2,194697,13.0,645,464,7,15
107022444,1,1,2018-12-17,F,24-30,154,1,49,0.0,0,0,0,0
1139305384,1,1,2018-12-18,M,24-30,75,1,11,0.0,0,0,0,0
591555559,1,1,2018-12-13,M,24-30,2760,2,957,2.0,6,5,0,4
277536745,1,1,2018-12-11,M,18-23,18302,4,66046,10.0,735,25,10,0
160381570,1,1,2018-12-18,M,24-30,882,3,766,2.0,26,11,0,0
840222432,1,1,2018-12-09,M,24-30,19866,19,30608,13.0,635,162,2,12
381538984,1,1,2018-12-11,F,31-40,1390,1,2734,0.0,16,32,0,0
917186990,1,1,2018-12-19,M,41-49,4165,8,6921,0.0,10,7,0,0
114428047,1,1,2018-12-15,M,24-30,1040,1,1175,0.0,1,2,0,0
362290899,1,1,2018-12-12,F,50+,87,1,57,0.0,0,0,0,0
227657898,1,1,2018-12-07,F,18-23,3636,2,7555,54.0,302,66,0,0
261716671,1,1,2018-12-02,F,18-23,433,1,761,0.0,34,1,0,0
112320129,1,1,2018-12-07,F,18-23,354,1,14,0.0,0,0,0,0
486839509,1,1,2018-12-12,M,31-40,8583,3,22132,366.0,804,67,3,46
604128859,1,1,2018-12-11,F,24-30,1643,3,2027,0.0,39,19,1,0
472811844,1,1,2018-12-10,F,50+,12530,5,42768,67.0,361,353,1,6
24259791,1,1,2018-12-07,M,18-23,452,3,264,0.0,8,3,0,0
459093603,1,1,2018-12-18,F,18-23,604,1,5247,21.0,686,0,0,0
70535671,1,1,2018-12-18,F,18-23,1207,3,1373,0.0,298,34,0,0
12605497,1,1,2018-12-02,F,18-23,7028,3,46153,8174.0,497,307,7,0
564160129,1,1,2018-12-16,M,18-23,26634,5,1932750,7417.0,88244,1476,73,0
208944478,1,1,2018-12-02,M,31-40,8,1,0,0.0,0,0,0,0
76947263,1,1,2018-12-17,F,18-23,4839,1,30205,140.0,1651,160,2,0
408551404,1,1,2018-12-19,M,41-49,11025,7,21775,18.0,916,77,1,0
437689379,1,1,2018-12-06,F,41-49,172,1,126,0.0,11,1,0,0
247720110,1,1,2018-12-13,M,18-23,4955,3,2357,0.0,122,19,2,0
152424885,1,1,2018-12-19,M,31-40,3880,2,5518,154.0,367,29,3,17
437958432,1,1,2018-12-12,M,41-49,198,1,5,0.0,0,0,0,0
918101227,1,1,2018-12-09,F,24-30,2038,4,2034,2.0,48,15,1,0
144036253,1,1,2018-12-12,F,24-30,1086,1,840,0.0,6,8,0,1
1051412480,1,1,2018-12-17,F,31-40,18511,4,113427,303.0,2170,560,31,8
320176922,1,1,2018-12-02,F,24-30,2162,5,1770,0.0,22,7,0,0
223769093,1,1,2018-12-15,F,18-23,5389,1,16485,15.0,235,143,4,7
52684210,1,1,2018-12-10,F,24-30,300,1,291,0.0,0,6,0,0
494735864,1,1,2018-12-15,M,31-40,1276,2,1838,3.0,27,20,0,6
521790589,1,1,2018-12-20,M,41-49,16481,1,60911,46.0,35038,148,9,247
432684496,1,1,2018-12-03,F,31-40,3958,2,20400,215.0,649,42,1,0
806107921,1,1,2018-12-12,M,50+,2983,1,2595,106.0,135,6,0,0
550959373,1,1,2018-12-12,M,24-30,13353,12,28719,258.0,8795,123,14,36
638362300,1,1,2018-12-14,F,18-23,12555,2,75085,1302.0,3090,519,1,94
651968091,1,1,2018-12-06,F,18-23,1236,1,4065,56.0,115,4,1,0
341230465,1,1,2018-12-12,F,41-49,25,1,23,0.0,0,0,0,0
520039854,1,1,2018-12-07,F,24-30,251,2,217,0.0,10,1,0,4
378913297,1,1,2018-12-13,M,18-23,566,1,147,0.0,0,3,0,0
597915982,1,1,2018-12-13,F,18-23,146,1,150,0.0,2,1,0,0
1016934500,1,1,2018-12-18,F,31-40,1419,1,2061,0.0,789,33,0,0
152018447,1,1,2018-12-14,F,18-23,1850,1,7570,89.0,1652,59,0,9
886382345,1,1,2018-12-07,M,41-49,8529,2,24153,31.0,7814,177,1,0
739065867,1,1,2018-12-19,F,24-30,13818,8,109267,195.0,647,355,7,90
554175566,1,1,2018-12-09,F,18-23,381,2,308,5.0,49,1,0,0
1008873209,1,1,2018-12-10,F,50+,9252,11,7000,80.0,1187,55,3,17
819432311,1,1,2018-12-17,M,31-40,8263,1,74385,6738.0,1939,219,7,54
529987298,1,1,2018-12-13,M,18-23,862,1,1013,61.0,33,8,1,0
874220098,1,1,2018-12-06,M,31-40,6384,1,38705,1258.0,2381,84,2,2
1009975458,1,1,2018-12-13,M,31-40,4549,2,11772,62.0,57,159,12,0
271660136,1,1,2018-12-12,F,41-49,144,1,0,0.0,0,0,0,0
222999501,1,1,2018-12-18,M,31-40,1932,2,4903,144.0,376,28,0,0
746676268,1,1,2018-12-14,F,24-30,2028,1,5684,3.0,321,54,2,0
882064617,1,1,2018-12-20,M,18-23,286,1,0,0.0,0,0,0,0
492006186,1,1,2018-12-14,M,18-23,267,1,9,0.0,0,0,0,0
436096375,1,1,2018-12-08,F,18-23,69,1,0,0.0,0,0,0,0
387032990,1,1,2018-12-05,M,24-30,3621,2,4423,150.0,270,29,0,12
456913743,1,1,2018-12-19,F,41-49,2788,2,3440,1.0,1176,13,8,2
383813033,1,1,2018-12-20,M,31-40,319,1,99,0.0,1,0,0,0
765447006,1,1,2018-12-20,M,41-49,6338,6,174049,10.0,1711,389,8,81
743072546,1,1,2018-12-17,F,24-30,5572,6,6140,18.0,130,63,1,0
1024238159,1,1,2018-12-12,F,31-40,5294,4,20589,0.0,500,52,3,0
754560302,1,1,2018-12-16,M,24-30,23832,4,272879,891.0,4914,1030,30,0
290097485,1,1,2018-12-01,M,31-40,2021,2,6100,1.0,79,17,0,0
792303289,1,1,2018-12-07,M,41-49,2484,1,23975,10.0,322,48,5,0
635703209,1,1,2018-12-17,F,18-23,989,1,307,0.0,4,1,0,0
70308092,1,1,2018-12-06,F,18-23,2136,2,3203,14.0,58,19,0,0
207781686,1,1,2018-12-18,F,50+,1701,4,2165,6.0,703,14,0,0
449852874,1,1,2018-12-19,F,18-23,79,1,0,0.0,0,0,0,0
19807954,1,1,2018-12-14,M,18-23,7885,3,325201,491.0,5567,330,9,0
239162755,1,1,2018-12-10,F,31-40,1009,2,262,0.0,1,4,0,0
404607511,1,1,2018-12-11,M,41-49,304,1,0,0.0,0,0,0,0
49817196,1,1,2018-12-17,M,18-23,4607,2,16113,2.0,249,90,1,0
505661744,1,1,2018-12-08,M,31-40,685,1,874,0.0,0,2,0,0
142644277,1,1,2018-12-15,F,31-40,182,1,0,0.0,0,0,0,0
137507933,1,1,2018-12-13,F,24-30,102,1,169,0.0,0,0,0,0
732790522,1,1,2018-12-02,M,18-23,1339,1,2587,10.0,30,23,0,0
354874233,1,1,2018-12-17,F,31-40,969,2,1125,0.0,6,8,1,0
83172731,1,1,2018-12-05,M,24-30,1420,2,893,0.0,2,19,0,0
173309387,1,1,2018-12-18,M,41-49,3213,13,1075,0.0,5,14,0,1
50452620,1,1,2018-12-06,M,18-23,24,1,0,0.0,0,0,0,0
750592564,1,1,2018-12-12,M,31-40,8559,3,21089,815.0,2134,83,0,81
128250790,1,1,2018-12-04,F,24-30,10845,1,458208,13733.0,5969,202,16,0
707806248,1,1,2018-12-20,F,24-30,2552,1,2523,0.0,128,16,1,0
14027343,1,1,2018-12-12,M,18-23,2559,3,6524,247.0,160,55,0,0
394831699,1,1,2018-12-17,M,31-40,4849,3,8056,60.0,49,52,0,6
710166726,1,1,2018-12-02,M,31-40,1785,1,124,0.0,0,0,0,0
200906413,1,1,2018-12-12,M,24-30,12040,3,24609,178.0,1466,193,3,0
922068449,1,1,2018-12-20,F,41-49,915,3,846,0.0,9,1,0,0
735528811,1,1,2018-12-17,M,31-40,817,2,80,0.0,22,0,0,0
166637789,1,1,2018-12-01,F,31-40,2367,8,2252,0.0,48,11,0,0
1018178240,1,1,2018-12-13,F,41-49,10609,4,40908,1944.0,5160,390,7,6
136283125,1,1,2018-12-15,M,24-30,6644,6,14044,32.0,5316,106,8,48
459735463,1,1,2018-12-18,M,18-23,1291,1,1153,2.0,36,23,0,0
481351504,1,1,2018-12-11,F,24-30,7178,3,25670,100.0,480,213,1,0
802242955,1,1,2018-12-17,M,31-40,10334,2,109108,16.0,1298,315,3,0
194887723,1,1,2018-12-06,M,24-30,476,1,104,0.0,2,2,0,0
97155335,1,1,2018-12-17,F,18-23,73,1,48,0.0,0,0,0,0
172809516,1,1,2018-12-07,F,24-30,4259,3,9812,0.0,96,42,1,0
377784389,1,1,2018-12-20,M,31-40,547,2,14,0.0,0,0,0,0
592431523,1,1,2018-12-14,F,50+,3519,1,31734,0.0,83,46,3,0
111796622,1,1,2018-12-15,M,18-23,4079,3,3628,29.0,182,36,2,4
758520011,1,1,2018-12-03,M,41-49,104,1,0,0.0,0,0,0,0
559475897,1,1,2018-12-12,M,24-30,1324,1,1632,16.0,46,7,0,0
800872039,1,1,2018-12-11,F,24-30,5460,4,62615,620.0,2187,221,0,5
587140613,1,1,2018-12-03,F,24-30,1473,1,7242,0.0,150,80,1,2
310275847,1,1,2018-12-10,F,24-30,1178,2,2936,7.0,132,40,0,0
246482383,1,1,2018-12-05,F,18-23,3626,4,5658,18.0,306,50,0,8
49817196,1,1,2018-12-05,M,18-23,6708,2,25239,0.0,259,109,1,0
446727554,1,1,2018-12-01,M,24-30,1360,3,2225,0.0,340,12,0,0
491675294,1,1,2018-12-03,F,24-30,114,1,43,0.0,0,0,0,0
211249863,1,1,2018-12-12,M,31-40,4143,3,20963,441.0,1098,78,4,0
882349495,1,1,2018-12-17,M,24-30,1947,1,4196,30.0,67,44,0,0
917186990,1,1,2018-12-18,M,41-49,3446,6,1079,0.0,1,2,0,0
782465812,1,1,2018-12-13,M,31-40,668,2,21,0.0,0,0,0,0
923262630,1,1,2018-12-08,M,41-49,1402,3,272,0.0,0,4,0,0
1037998625,1,1,2018-12-08,M,41-49,5987,3,19099,2.0,118,40,2,3
742921491,1,1,2018-12-06,M,41-49,11528,4,45208,7.0,3024,93,1,70
879593418,1,1,2018-12-11,M,31-40,17514,3,194675,23.0,8898,372,13,209
847380235,1,1,2018-12-20,F,24-30,222,2,0,0.0,0,0,0,0
985636277,1,1,2018-12-18,M,31-40,3101,1,16651,1175.0,1795,74,0,3
512740783,1,1,2018-12-09,M,18-23,588,2,238,0.0,0,0,0,0
103647130,1,1,2018-12-16,M,18-23,625,1,438,0.0,19,2,0,0
724010353,1,1,2018-12-09,M,31-40,169,1,4,0.0,0,0,0,0
50596298,1,1,2018-12-01,F,24-30,1999,5,11826,43.0,449,60,1,0
844215942,1,1,2018-12-02,F,31-40,989,2,478,0.0,1,2,0,0
887227645,1,1,2018-12-14,M,31-40,1820,3,2516,59.0,79,27,0,0
203963355,1,1,2018-12-20,M,24-30,604,1,17,0.0,0,0,0,0
184527487,1,1,2018-12-17,F,50+,1078,1,1714,1.0,124,4,0,0
961998198,1,1,2018-12-05,F,24-30,18787,2,72172,835.0,4143,704,12,0
719638880,1,1,2018-12-07,M,24-30,3672,1,12865,0.0,276,56,1,1
732476834,1,1,2018-12-17,F,50+,15049,1,324614,15676.0,5076,404,19,0
542842221,1,1,2018-12-14,M,31-40,5466,3,12477,12.0,336,44,2,13
709380990,1,1,2018-12-18,M,24-30,20972,8,5369,49.0,113,36,1,0
283513982,1,1,2018-12-15,M,31-40,342,1,81,0.0,1,0,1,0
250696730,1,1,2018-12-20,F,31-40,6031,2,45511,1511.0,4541,212,5,18
424793743,1,1,2018-12-16,F,24-30,293,2,38,0.0,0,0,0,0
597837469,1,1,2018-12-15,M,41-49,281,2,177,0.0,27,0,0,0
1040861506,1,1,2018-12-15,M,41-49,20232,3,559412,185.0,15837,231,47,0
99813306,1,1,2018-12-16,F,31-40,7557,1,252818,4818.0,1405,425,4,0
344113481,1,1,2018-12-07,M,41-49,25510,5,436810,6568.0,18012,10676,14,0
48833652,1,1,2018-12-17,M,24-30,12069,4,2091317,14171.0,53217,901,48,0
319527492,1,1,2018-12-20,F,18-23,16865,4,2824,0.0,43,8,0,0
75109676,1,1,2018-12-12,F,18-23,524,1,0,0.0,0,0,0,0
954203216,1,1,2018-12-14,F,24-30,9223,2,58371,1096.0,4110,288,4,0
27384683,1,1,2018-12-14,F,18-23,47,1,0,0.0,0,0,0,0
953947655,1,1,2018-12-06,M,50+,13556,1,399173,2406.0,49453,517,66,0
1145342977,1,1,2018-12-13,M,41-49,6830,4,23540,1173.0,4802,177,0,0
851034341,1,1,2018-12-11,F,41-49,2171,2,2280,2.0,9,52,0,0
266835325,1,1,2018-12-02,M,41-49,4862,1,265780,168.0,4615,495,11,0
163830397,1,1,2018-12-17,F,18-23,444,1,333,0.0,88,8,0,0
86749439,1,1,2018-12-12,M,18-23,570,3,767,0.0,12,5,0,0
279368029,1,1,2018-12-03,M,31-40,816,2,1122,2.0,92,13,0,0
299568059,1,1,2018-12-08,F,31-40,17125,3,75979,980.0,5831,593,24,213
713656642,1,1,2018-12-03,M,24-30,14600,3,167,0.0,15,0,0,0
949530659,1,1,2018-12-02,M,18-23,28937,12,521784,1361.0,38599,233,32,0
66654810,1,1,2018-12-14,M,24-30,12816,7,42350,2299.0,5610,204,7,0
811198352,1,1,2018-12-14,M,31-40,702,1,38,0.0,6,0,0,0
358259101,1,1,2018-12-01,M,31-40,6309,1,24315,66.0,1929,72,2,3
793932970,1,1,2018-12-02,M,31-40,808,2,1195,30.0,264,0,0,29
287028454,1,1,2018-12-10,M,18-23,1828,6,1109,78.0,104,0,0,0
272074031,1,1,2018-12-17,F,24-30,1295,1,5967,0.0,817,35,0,0
1059227585,1,1,2018-12-11,M,41-49,1101,1,915,1.0,306,6,0,0
677297757,1,1,2018-12-15,F,50+,5263,1,35348,473.0,2365,107,2,0
5905311,1,1,2018-12-15,F,18-23,4027,1,14294,285.0,205,193,0,46
1040996658,1,1,2018-12-06,F,18-23,5295,3,7506,183.0,664,33,0,0
419549240,1,1,2018-12-14,F,24-30,826,1,49,0.0,3,0,1,0
157888227,1,1,2018-12-10,M,18-23,1308,3,2447,11.0,573,43,0,0
716087178,1,1,2018-12-15,F,31-40,1329,1,22,0.0,0,0,0,0
1016277728,1,1,2018-12-18,M,50+,794,2,191,0.0,9,0,0,0
103112631,1,1,2018-12-10,F,18-23,4350,6,1903,0.0,292,22,0,0
913447527,1,1,2018-12-18,M,31-40,3462,4,1794,0.0,1,6,0,0
199237866,1,1,2018-12-15,M,24-30,375,1,248,0.0,0,2,1,0
44803883,1,1,2018-12-09,F,18-23,923,1,1407,0.0,101,17,0,0
380916099,1,1,2018-12-18,F,24-30,1419,2,1745,300.0,8,9,0,0
564655370,1,1,2018-12-20,M,24-30,975,1,1389,0.0,301,20,0,2
108946948,1,1,2018-12-11,M,18-23,106,1,59,0.0,2,1,0,0
230861189,1,1,2018-12-02,F,24-30,9726,2,48026,2675.0,1712,196,10,63
765996893,1,1,2018-12-04,M,18-23,778,4,358,0.0,3,8,0,0
700615412,1,1,2018-12-03,F,24-30,901,1,731,2.0,392,13,0,0
236210627,1,1,2018-12-19,F,24-30,2046,2,9419,481.0,311,86,2,0
363805590,1,1,2018-12-16,M,31-40,435,1,650,2.0,4,1,1,17
775738531,1,1,2018-12-20,M,50+,727,2,652,0.0,0,13,0,0
179252732,1,1,2018-12-11,F,24-30,3019,2,6536,21.0,24,40,0,49
1084824010,1,1,2018-12-05,M,24-30,293,2,44,0.0,0,0,0,0
434474319,1,1,2018-12-04,M,24-30,52,1,5,0.0,0,0,0,0
743182514,1,1,2018-12-03,M,24-30,24,1,0,0.0,0,0,0,0
365588460,1,1,2018-12-20,M,18-23,543,1,32,0.0,0,0,0,0
598280452,1,1,2018-12-11,M,24-30,917,1,1124,69.0,43,1,0,0
783910151,1,1,2018-12-11,M,24-30,7713,2,4563,5.0,62,3,0,31
73634295,1,1,2018-12-09,F,18-23,3338,3,4480,0.0,142,73,0,0
583144811,1,1,2018-12-16,M,24-30,13568,7,456009,2178.0,6615,405,46,0
55194140,1,1,2018-12-19,M,18-23,610,4,207,75.0,6,4,0,0
260453516,1,1,2018-12-16,F,24-30,93,2,0,0.0,0,0,0,0
119291066,1,1,2018-12-02,M,41-49,10390,10,62408,50.0,3619,286,1,0
696398599,1,1,2018-12-10,M,31-40,2376,3,212,0.0,0,0,0,0
233596434,1,1,2018-12-07,M,31-40,6796,5,2239,0.0,927,17,1,3
1064227752,1,1,2018-12-08,M,31-40,516,1,514,0.0,48,13,0,0
542615366,1,1,2018-12-20,F,18-23,2276,2,7612,67.0,562,65,0,1
4599964,1,1,2018-12-19,M,31-40,3650,1,39176,84.0,2375,153,2,0
750055431,1,1,2018-12-04,F,24-30,7425,1,217496,2706.0,4942,369,6,0
596134974,1,1,2018-12-04,F,24-30,3565,1,27879,780.0,586,228,2,0
629840601,1,1,2018-12-12,M,18-23,108,1,4,0.0,0,0,0,0
654840827,1,1,2018-12-17,F,24-30,1254,4,4394,171.0,135,25,0,2
780640561,1,1,2018-12-11,M,18-23,26190,12,68816,110.0,2923,621,7,168
778683635,1,1,2018-12-02,F,41-49,242,2,288,0.0,2,3,0,0
665761461,1,1,2018-12-20,M,24-30,4930,4,7593,27.0,381,50,0,0
224821987,1,1,2018-12-04,M,31-40,6458,1,42102,323.0,762,234,5,71
324620245,1,1,2018-12-02,F,50+,14128,3,65702,306.0,1365,287,3,188
576662289,1,1,2018-12-09,F,41-49,177,2,0,0.0,0,0,0,0
240201146,1,1,2018-12-17,M,18-23,253,1,54,0.0,0,0,0,0
1033082228,1,1,2018-12-06,M,41-49,493,2,11,0.0,0,0,0,0
194518794,1,1,2018-12-03,F,18-23,4753,6,69268,2.0,477,76,2,0
806300074,1,1,2018-12-08,M,31-40,6885,2,16926,328.0,567,96,0,14
918100887,1,1,2018-12-17,F,31-40,2544,1,42036,0.0,161,33,3,48
581166823,1,1,2018-12-18,M,31-40,34893,11,64036,811.0,1055,476,2,146
172809516,1,1,2018-12-15,F,24-30,3830,4,4970,14.0,23,65,0,0
946643170,1,1,2018-12-08,M,31-40,4911,5,8839,118.0,138,67,1,17
7118739,1,1,2018-12-04,M,18-23,6877,3,31165,1677.0,488,89,1,0
500154194,1,1,2018-12-10,F,31-40,504,1,531,8.0,2,0,0,19
657732212,1,1,2018-12-20,F,18-23,798,1,2750,0.0,68,23,0,0
1134354956,1,1,2018-12-18,M,24-30,442,1,738,0.0,5,14,0,0
274264359,1,1,2018-12-11,F,31-40,16173,9,65597,170.0,4831,214,2,119
145173886,1,1,2018-12-16,M,24-30,7647,1,40695,5474.0,1017,219,8,0
810485663,1,1,2018-12-20,M,18-23,2162,3,1920,65.0,16,17,0,0
638027951,1,1,2018-12-17,F,31-40,12864,2,224787,1066.0,4858,642,10,0
681825063,1,1,2018-12-15,F,18-23,764,1,2436,0.0,15,11,0,21
468711715,1,1,2018-12-04,F,50+,110,1,6,0.0,11,0,0,0
702768724,1,1,2018-12-02,M,31-40,2849,10,3371,18.0,120,32,0,0
628758941,1,1,2018-12-12,M,31-40,13447,2,904258,20.0,19818,598,342,0
700550958,1,1,2018-12-19,M,18-23,21223,6,1073,0.0,175,2,0,0
854348989,1,1,2018-12-08,F,24-30,22,1,0,0.0,0,0,0,0
229078033,1,1,2018-12-13,M,24-30,16554,10,42350,391.0,1454,252,4,28
381513152,1,1,2018-12-08,M,31-40,1469,1,1080,3.0,49,3,0,0
909956374,1,1,2018-12-18,F,24-30,4819,2,6816,0.0,7,34,0,2
839881787,1,1,2018-12-11,F,24-30,42,1,0,0.0,0,0,0,0
129941800,1,1,2018-12-17,M,18-23,657,3,136,0.0,127,0,0,0
899030415,1,1,2018-12-19,F,24-30,5026,6,4267,11.0,55,28,0,2
711282040,1,1,2018-12-11,F,24-30,168,1,62,0.0,16,1,0,0
891230280,1,1,2018-12-08,F,24-30,453,2,38,0.0,0,0,0,0
624674259,1,1,2018-12-17,M,41-49,911,1,1355,0.0,17,9,0,4
652556749,1,1,2018-12-14,M,31-40,164,1,75,0.0,0,1,0,0
481687272,1,1,2018-12-12,M,18-23,3255,2,30,0.0,0,0,0,0
138263501,1,1,2018-12-18,M,24-30,4625,1,12097,0.0,3092,113,1,0
674145807,1,1,2018-12-14,F,41-49,208,1,114,0.0,0,0,0,0
226668962,1,1,2018-12-19,M,50+,23038,6,576000,2011.0,10342,448,17,0
342601594,1,1,2018-12-01,M,41-49,28234,3,98567,814.0,517,505,3,182
925331076,1,1,2018-12-15,F,31-40,2144,1,3363,31.0,66,34,0,0
91677998,1,1,2018-12-09,F,12-17,841,2,541,0.0,275,10,0,0
432168555,1,1,2018-12-17,F,24-30,1936,2,6583,694.0,93,27,1,0
1025083824,1,1,2018-12-18,M,18-23,196,1,153,0.0,143,3,0,3
415529050,1,1,2018-12-15,F,18-23,263,2,229,0.0,3,2,0,0
737629311,1,1,2018-12-04,F,31-40,5039,1,18780,247.0,3424,143,9,50
792303289,1,1,2018-12-14,M,41-49,2916,3,15447,11.0,331,26,4,0
157227904,1,1,2018-12-03,F,18-23,427,2,146,0.0,1,1,0,0
930580977,1,1,2018-12-20,M,24-30,6367,2,7793,85.0,89,28,2,16
399486101,1,1,2018-12-07,M,31-40,639,1,32,0.0,0,0,0,0
342344223,1,1,2018-12-07,F,18-23,380,1,562,0.0,36,8,0,0
160394037,1,1,2018-12-19,M,41-49,11710,3,41798,2.0,1515,103,5,54
475408733,1,1,2018-12-15,M,24-30,219,1,22,0.0,0,0,0,0
672481844,1,1,2018-12-17,F,24-30,604,1,1848,0.0,33,27,1,0
86857301,1,1,2018-12-11,M,18-23,2382,2,2308,0.0,9,24,0,0
819490633,1,1,2018-12-03,F,18-23,253,1,244,0.0,1,1,0,0
440888944,1,1,2018-12-03,F,31-40,4916,4,28781,279.0,2014,80,1,0
85384376,1,1,2018-12-20,M,24-30,1517,1,2002,3.0,26,8,1,0
556387314,1,1,2018-12-17,F,31-40,14813,3,160755,4827.0,9290,351,17,27
359499758,1,1,2018-12-13,M,18-23,278,1,171,0.0,0,2,0,0
327241202,1,1,2018-12-06,M,24-30,1733,2,1556,0.0,17,24,2,0
128728122,1,1,2018-12-09,M,24-30,426,1,144,0.0,0,0,0,0
822806928,1,1,2018-12-17,M,18-23,5910,7,6987,223.0,747,64,0,0
673813484,1,1,2018-12-14,M,31-40,5023,1,19868,95.0,2688,45,2,20
475915698,1,1,2018-12-04,M,18-23,2463,1,1971,2.0,28,25,0,0
589687576,1,1,2018-12-08,F,50+,4676,3,4997,75.0,48,73,7,0
692361328,1,1,2018-12-01,M,24-30,178,1,146,0.0,21,2,0,0
599894564,1,1,2018-12-10,M,24-30,1429,2,4329,60.0,461,21,0,0
42387989,1,1,2018-12-02,F,18-23,12064,2,137057,6460.0,2599,344,14,0
153260314,1,1,2018-12-08,F,18-23,3263,2,14946,720.0,554,149,0,0
78648116,1,1,2018-12-05,M,18-23,29305,8,43561,7.0,7310,478,3,0
115918198,1,1,2018-12-09,M,31-40,4454,1,38964,3069.0,1555,110,3,0
488120629,1,1,2018-12-16,M,18-23,508,1,44,0.0,0,0,0,0
136277939,1,1,2018-12-05,F,18-23,11905,6,46200,1885.0,442,343,2,0
488158567,1,1,2018-12-11,M,31-40,2663,2,1533,0.0,14,38,0,0
180316048,1,1,2018-12-12,M,31-40,2116,1,3318,596.0,7,5,0,10
149228450,1,1,2018-12-10,M,24-30,146,1,4,0.0,0,0,0,0
160828983,1,1,2018-12-20,M,18-23,5538,6,1996,1.0,395,22,0,0
123337066,1,1,2018-12-08,M,24-30,17375,7,152908,298.0,3709,350,15,56
458360628,1,1,2018-12-15,F,31-40,4727,1,59198,1500.0,12674,134,4,8
877309172,1,1,2018-12-03,M,24-30,3154,7,41,0.0,0,0,0,0
420659032,1,1,2018-12-14,F,41-49,1447,1,4812,2.0,29,10,1,21
626020569,1,1,2018-12-11,F,24-30,4870,5,24618,2.0,956,51,1,0
329545890,1,1,2018-12-16,M,31-40,2830,3,545,0.0,8,1,2,0
52490864,1,1,2018-12-17,F,18-23,16011,7,50310,1895.0,1074,281,2,0
391002391,1,1,2018-12-10,M,24-30,5205,2,28443,173.0,509,293,4,56
1004670800,1,1,2018-12-06,M,41-49,1878,1,4348,23.0,528,45,5,0
1093529886,1,1,2018-12-01,F,50+,8656,2,1558,1.0,2043,2,0,0
75901098,1,1,2018-12-01,M,31-40,21802,3,311409,3141.0,13437,992,24,0
540618905,1,1,2018-12-06,F,31-40,2017,4,2256,10.0,662,37,0,0
69188682,1,1,2018-12-18,F,18-23,7275,5,23106,569.0,586,129,3,0
735718165,1,1,2018-12-16,F,31-40,19638,3,1112559,39744.0,72150,1866,28,0
730911113,1,1,2018-12-02,F,41-49,10827,14,46965,1153.0,2701,236,7,0
48568508,1,1,2018-12-15,F,18-23,660,1,2779,0.0,14,45,0,0
1062120509,1,1,2018-12-20,F,41-49,4638,11,3020,90.0,1435,9,2,8
710848188,1,1,2018-12-04,M,31-40,2050,1,5179,18.0,42,15,0,0
653325874,1,1,2018-12-18,F,41-49,13,1,0,0.0,0,0,0,0
797179917,1,1,2018-12-10,F,50+,66,2,25,0.0,0,0,1,0
233637375,1,1,2018-12-08,M,31-40,1146,1,349,0.0,10,4,0,0
544286252,1,1,2018-12-17,F,24-30,1231,7,464,0.0,9,0,0,0
201350304,1,1,2018-12-15,F,18-23,1400,1,715,0.0,40,12,0,0
802476635,1,1,2018-12-14,M,31-40,634,1,409,0.0,38,0,0,2
82922997,1,1,2018-12-06,M,24-30,450,4,3,0.0,0,0,0,0
179488957,1,1,2018-12-13,F,24-30,1101,1,3002,0.0,4,32,1,0
275464838,1,1,2018-12-19,M,31-40,163,1,3,0.0,0,0,0,0
273022946,1,1,2018-12-18,F,18-23,7368,4,154164,1671.0,3774,157,5,0
60075487,1,1,2018-12-17,M,24-30,3234,1,2681,2.0,57,25,0,0
30868060,1,1,2018-12-17,M,18-23,821,2,642,0.0,3,4,0,0
266042281,1,1,2018-12-15,M,18-23,1914,1,6946,337.0,295,64,0,0
683058262,1,1,2018-12-02,F,50+,674,2,281,0.0,10,3,0,0
648893942,1,1,2018-12-17,M,31-40,8730,4,54220,2397.0,6719,219,4,0
466725413,1,1,2018-12-02,F,24-30,155,1,0,0.0,0,0,0,0
341233818,1,1,2018-12-20,M,31-40,53,1,2,0.0,0,0,0,0
780992388,1,1,2018-12-01,M,31-40,205,1,8,0.0,0,0,0,0
12613378,1,1,2018-12-18,F,24-30,211,2,8,0.0,0,0,0,0
777684529,1,1,2018-12-10,M,50+,239,1,7,0.0,0,0,0,0
166905456,1,1,2018-12-19,M,24-30,14046,8,6595,6.0,86,50,2,0
34823013,1,1,2018-12-15,M,18-23,26698,15,16161,50.0,8582,126,3,0
424022437,1,1,2018-12-01,M,41-49,579,1,351,0.0,8,0,0,0
482347670,1,1,2018-12-18,M,18-23,5375,6,8743,32.0,503,101,0,0
512934683,1,1,2018-12-19,M,24-30,4772,5,1520,54.0,53,24,1,0
203178076,1,1,2018-12-20,F,31-40,3799,2,41746,13.0,45,103,3,33
204198273,1,1,2018-12-17,F,18-23,4053,6,4284,6.0,81,21,2,0
564380291,1,1,2018-12-08,M,31-40,1026,1,837,0.0,4,20,0,0
1083399660,1,1,2018-12-13,M,24-30,1274,2,386,100.0,27,0,0,0
762458349,1,1,2018-12-17,M,31-40,2270,2,1395,0.0,57,13,0,5
174074690,1,1,2018-12-11,M,31-40,4074,2,7137,36.0,30,116,1,0
365660669,1,1,2018-12-11,M,24-30,655,3,222,6.0,11,0,0,0
623067464,1,1,2018-12-06,F,50+,1312,5,4321,0.0,55,12,0,0
916846246,1,1,2018-12-05,M,18-23,7112,5,102876,2193.0,2130,467,8,0
852221484,1,1,2018-12-11,M,31-40,26,1,0,0.0,0,0,0,0
296125626,1,1,2018-12-06,F,31-40,3124,1,5937,94.0,155,100,0,0
588244605,1,1,2018-12-16,M,18-23,7619,1,667511,275.0,34310,324,32,0
174630944,1,1,2018-12-10,M,18-23,37,1,4,0.0,0,0,0,0
522559667,1,1,2018-12-09,M,24-30,2334,3,2407,0.0,27,29,0,0
262160420,1,1,2018-12-20,F,18-23,1499,1,250,10.0,90,3,0,0
483746108,1,1,2018-12-02,M,24-30,6926,2,3996,22.0,450,34,1,0
48754579,1,1,2018-12-16,F,18-23,5456,3,14223,377.0,85,70,1,219
831176484,1,1,2018-12-03,F,31-40,360,4,35,0.0,0,0,0,0
902864203,1,1,2018-12-12,M,41-49,5243,1,4251,5.0,262,13,4,0
157094911,1,1,2018-12-11,M,31-40,347,2,237,60.0,4,0,0,1
754004316,1,1,2018-12-09,M,31-40,9308,7,26200,73.0,1328,92,0,71
303841101,1,1,2018-12-08,M,24-30,812,2,567,2.0,29,7,2,0
810623848,1,1,2018-12-19,M,41-49,68,1,119,0.0,0,0,0,0
356171083,1,1,2018-12-06,M,24-30,143,1,3,0.0,0,0,0,0
200686953,1,1,2018-12-14,F,24-30,1545,3,4653,287.0,669,61,2,3
931024101,1,1,2018-12-11,F,41-49,16160,6,114823,415.0,2363,471,5,14
850339192,1,1,2018-12-20,F,50+,1191,1,1228,0.0,45,3,1,0
23996971,1,1,2018-12-15,F,31-40,3546,1,18004,2.0,974,168,2,0
577040095,1,1,2018-12-06,M,24-30,3828,1,13392,202.0,3306,96,1,0
927239892,1,1,2018-12-16,M,31-40,27,1,3,0.0,0,0,0,0
781667674,1,1,2018-12-03,M,18-23,7138,8,4126,0.0,912,3,0,0
17691872,1,1,2018-12-02,M,24-30,1601,4,88,0.0,0,0,0,0
735736071,1,1,2018-12-19,F,31-40,7270,2,38088,1747.0,6039,275,1,0
691235450,1,1,2018-12-09,F,31-40,5888,16,2950,0.0,77,35,0,23
434493007,1,1,2018-12-20,M,31-40,1305,3,205,0.0,3,0,0,0
683273927,1,1,2018-12-20,M,24-30,58,1,0,0.0,0,0,0,0
48657931,1,1,2018-12-17,M,24-30,1658,2,19120,44.0,274,22,0,0
121924444,1,1,2018-12-01,M,31-40,1860,3,812,0.0,5,7,0,0
686759424,1,1,2018-12-13,M,18-23,8876,5,15035,148.0,1088,95,0,0
541691960,1,1,2018-12-13,F,24-30,2005,2,2104,10.0,451,15,1,12
437689379,1,1,2018-12-16,F,41-49,2698,8,9503,60.0,532,66,0,0
672215297,1,1,2018-12-15,M,31-40,873,1,832,0.0,1,10,0,4
353137088,1,1,2018-12-19,M,24-30,36,1,0,0.0,0,0,0,0
334257240,1,1,2018-12-04,M,18-23,4317,2,22636,1072.0,5468,102,1,0
529782323,1,1,2018-12-16,M,24-30,49,1,353,0.0,1,3,0,0
790404851,1,1,2018-12-20,M,24-30,1847,2,3096,0.0,44,15,1,9
393964005,1,1,2018-12-11,F,18-23,7540,9,25396,44.0,119,100,1,174
1049424331,1,1,2018-12-03,M,41-49,298,1,0,0.0,0,0,0,0
331931229,1,1,2018-12-15,M,18-23,860,1,596,3.0,67,2,0,0
955082293,1,1,2018-12-15,F,50+,525,1,761,0.0,14,12,0,0
622627315,1,1,2018-12-11,F,18-23,3483,1,7493,43.0,159,157,0,0
60740374,1,1,2018-12-06,M,18-23,658,2,671,0.0,8,2,0,0
604063628,1,1,2018-12-19,F,31-40,572,2,995,0.0,2,1,0,0
382378469,1,1,2018-12-09,M,24-30,354,3,634,0.0,9,2,0,0
684648795,1,1,2018-12-18,F,41-49,262,2,5,0.0,0,0,0,0
844501773,1,1,2018-12-13,F,31-40,1739,4,2490,0.0,134,5,2,0
160483315,1,1,2018-12-01,M,18-23,263,4,53,0.0,10,0,0,0
669499734,1,1,2018-12-16,M,31-40,7875,1,74962,1694.0,5647,325,5,0
551482296,1,1,2018-12-15,M,18-23,879,3,346,0.0,8,10,0,0
827598323,1,1,2018-12-16,M,31-40,864,1,1292,0.0,7,2,0,3
396553369,1,1,2018-12-07,F,24-30,4214,2,12530,133.0,372,56,0,5
823923674,1,1,2018-12-12,F,41-49,4196,2,173934,4.0,337,101,6,187
290974779,1,1,2018-12-06,M,31-40,1833,2,112,0.0,0,0,0,0
401776860,1,1,2018-12-12,M,24-30,3274,3,59315,373.0,4052,133,8,0
961440677,1,1,2018-12-05,M,24-30,3658,1,3408,0.0,6192,0,0,0
641020478,1,1,2018-12-14,M,31-40,1184,2,1564,0.0,4,2,1,0
684443280,1,1,2018-12-06,F,31-40,2017,3,4035,1.0,15,28,2,13
455403089,1,1,2018-12-18,M,31-40,367,2,174,0.0,0,2,1,0
457017403,1,1,2018-12-14,M,41-49,303,1,0,0.0,0,0,0,0
401619772,1,1,2018-12-17,M,24-30,611,3,213,0.0,1,9,0,0
958392714,1,1,2018-12-04,M,50+,20916,5,517689,866.0,8436,534,37,0
694445097,1,1,2018-12-07,F,24-30,3897,1,45855,497.0,387,145,2,0
667201536,1,1,2018-12-03,F,31-40,257,1,657,5.0,24,2,0,5
380263046,1,1,2018-12-11,F,12-17,68,2,4,0.0,0,0,0,0
391729785,1,1,2018-12-01,M,24-30,8617,1,1766737,17944.0,26165,1358,63,0
123897087,1,1,2018-12-08,F,24-30,6555,4,77854,117.0,2192,239,3,0
691553855,1,1,2018-12-12,F,24-30,10161,3,8691,0.0,347,34,0,193
847755809,1,1,2018-12-10,M,24-30,11699,3,32922,578.0,856,338,2,25
1007646028,1,1,2018-12-15,F,41-49,43478,3,378506,233.0,2502,310,4,0
541497658,1,1,2018-12-04,M,31-40,5068,4,6842,144.0,620,44,2,1
818891174,1,1,2018-12-08,F,31-40,634,2,45,0.0,0,0,0,0
970540055,1,1,2018-12-13,M,18-23,23,1,0,0.0,0,0,0,0
537527774,1,1,2018-12-16,M,31-40,2051,4,73,0.0,2,1,0,0
115519120,1,1,2018-12-19,F,24-30,3229,2,15143,0.0,54,62,3,25
646927627,1,1,2018-12-13,F,31-40,629,1,1876,7.0,41,16,2,0
463019318,1,1,2018-12-13,M,18-23,4105,5,1080,0.0,0,28,0,0
636728576,1,1,2018-12-01,M,41-49,2359,1,4924,18.0,414,3,2,7
245279718,1,1,2018-12-17,M,31-40,1361,3,1552,0.0,12,12,0,0
348860654,1,1,2018-12-12,F,31-40,209,1,32,0.0,0,0,0,0
254751921,1,1,2018-12-15,F,18-23,34,1,0,0.0,0,0,0,0
1016212366,1,1,2018-12-01,F,18-23,4217,5,4787,36.0,233,20,0,0
10655137,1,1,2018-12-02,M,41-49,5351,1,966141,1772.0,9407,574,14,0
726726061,1,1,2018-12-20,M,31-40,458,2,9,0.0,0,0,0,0
402492706,1,1,2018-12-10,F,41-49,1543,3,1549,0.0,438,1,0,0
537527774,1,1,2018-12-19,M,31-40,98,1,4,0.0,0,0,0,0
590070220,1,1,2018-12-11,M,0-12,127,1,182,2.0,7,0,0,0
333806270,1,1,2018-12-17,M,50+,5390,2,16010,23.0,2441,42,0,3
852330771,1,1,2018-12-09,M,24-30,739,2,93,0.0,4,1,0,0
425220574,1,1,2018-12-13,M,31-40,964,1,1595,1.0,111,15,0,2
877286027,1,1,2018-12-10,F,24-30,6562,3,23694,673.0,1895,306,3,67
868882496,1,1,2018-12-10,M,24-30,1408,1,3123,0.0,98,10,0,20
320740290,1,1,2018-12-02,F,31-40,14341,10,71003,597.0,9732,257,1,0
572241627,1,1,2018-12-19,M,24-30,1586,1,1651,0.0,93,1,0,15
798992480,1,1,2018-12-16,M,24-30,3996,3,5897,0.0,342,86,2,0
68310439,1,1,2018-12-18,F,18-23,676,3,23,0.0,0,0,0,0
554301398,1,1,2018-12-20,M,24-30,2790,1,5955,9.0,156,90,0,0
771434809,1,1,2018-12-02,F,24-30,155,1,142,0.0,0,0,0,0
680018085,1,1,2018-12-09,F,18-23,3654,1,11386,51.0,375,96,1,15
555324484,1,1,2018-12-18,M,31-40,16048,10,50128,432.0,206,259,3,0
794425390,1,1,2018-12-09,F,41-49,280,1,172,0.0,0,0,0,0
811146738,1,1,2018-12-03,F,18-23,3080,5,4566,73.0,168,36,2,3
591458599,1,1,2018-12-14,M,31-40,2752,6,3339,50.0,332,61,0,0
299642795,1,1,2018-12-15,F,24-30,878,2,420,2.0,5,0,0,2
392138043,1,1,2018-12-10,M,50+,1567,1,2416,6.0,613,11,0,0
681714458,1,1,2018-12-18,M,24-30,22211,9,223037,6.0,1362,160,12,0
366341721,1,1,2018-12-17,F,18-23,663,1,86,0.0,0,0,0,0
432242298,1,1,2018-12-14,M,18-23,1132,1,2521,9.0,127,36,0,1
654126153,1,1,2018-12-02,M,41-49,420,1,79,0.0,0,0,0,0
228427062,1,1,2018-12-11,M,24-30,264,1,74,0.0,1,0,0,0
473492533,1,1,2018-12-06,M,24-30,3505,3,3432,4.0,88,64,0,0
175110462,1,1,2018-12-12,M,18-23,1068,1,841,0.0,9,23,0,0
222505140,1,1,2018-12-17,M,31-40,2047,8,1885,347.0,15,16,0,0
1058786598,1,1,2018-12-11,F,41-49,3689,1,14980,63.0,485,147,0,8
878293131,1,1,2018-12-02,M,31-40,1704,4,1524,0.0,0,0,0,0
415687730,1,1,2018-12-10,F,31-40,2600,1,6364,65.0,453,72,2,6
103426245,1,1,2018-12-14,F,24-30,5611,3,12197,82.0,62,101,3,42
795341825,1,1,2018-12-01,F,18-23,1028,4,2505,5.0,19,20,0,0
91014357,1,1,2018-12-20,F,24-30,285,1,0,0.0,0,0,0,0
404517739,1,1,2018-12-04,M,24-30,1329,1,1942,0.0,20,45,0,0
570475028,1,1,2018-12-09,F,41-49,6146,7,4697,9.0,8,18,3,0
84768769,1,1,2018-12-11,M,18-23,3208,4,7795,16.0,124,82,0,11
112392007,1,1,2018-12-07,M,31-40,2717,6,787,19.0,12,5,0,0
745608859,1,1,2018-12-12,F,31-40,461,4,132,0.0,17,0,0,0
1089286490,1,1,2018-12-20,M,31-40,20,1,0,0.0,0,0,0,0
919209848,1,1,2018-12-10,M,31-40,2454,3,4247,110.0,121,38,0,0
425611183,1,1,2018-12-16,M,31-40,556,1,53,0.0,3,0,0,0
769002077,1,1,2018-12-16,F,18-23,113,1,25,0.0,0,0,0,0
319928842,1,1,2018-12-03,M,50+,372,2,955,2.0,53,9,0,0
410203755,1,1,2018-12-05,F,41-49,13073,7,77773,478.0,1026,286,15,128
463538368,1,1,2018-12-13,M,31-40,1471,1,5762,5.0,112,14,1,0
596555419,1,1,2018-12-05,F,24-30,8795,4,30796,50.0,764,115,1,240
585635523,1,1,2018-12-20,M,31-40,751,1,170,0.0,1,8,0,0
234229758,1,1,2018-12-09,F,24-30,3732,3,22698,239.0,358,122,0,0
197209393,1,1,2018-12-10,M,24-30,642,3,72,0.0,4,0,0,0
659522207,1,1,2018-12-14,F,31-40,13526,1,57717,386.0,1074,675,7,71
155502644,1,1,2018-12-14,F,24-30,1628,5,1158,0.0,27,16,0,0
534869550,1,1,2018-12-18,F,24-30,71,1,9,0.0,0,0,0,0
796946165,1,1,2018-12-09,F,18-23,11402,3,67312,3752.0,1928,438,4,0
456376757,1,1,2018-12-11,M,18-23,5082,5,13344,162.0,390,148,0,0
674228280,1,1,2018-12-03,F,24-30,28174,6,122314,180.0,3450,534,8,305
770127991,1,1,2018-12-09,M,41-49,7955,3,42688,170.0,1309,104,10,90
128732220,1,1,2018-12-04,M,18-23,69,2,5,0.0,0,0,0,0
122141205,1,1,2018-12-05,F,31-40,394,3,10,0.0,3,0,0,0
528382829,1,1,2018-12-06,F,41-49,328,1,41,0.0,0,0,0,0
433637624,1,1,2018-12-09,F,24-30,3801,2,9704,11.0,207,30,1,0
648569072,1,1,2018-12-09,F,31-40,102,1,0,0.0,0,0,0,0
1024542685,1,1,2018-12-16,M,24-30,201,1,12,0.0,0,0,0,0
81025169,1,1,2018-12-09,M,24-30,5163,6,11858,21.0,1211,72,8,19
865750783,1,1,2018-12-03,F,18-23,2452,1,5057,119.0,35,35,0,0
642161326,1,1,2018-12-08,M,31-40,489,1,561,0.0,15,3,0,0
877746592,1,1,2018-12-12,M,18-23,91,1,0,0.0,0,0,0,0
356561516,1,1,2018-12-19,F,18-23,426,1,219,0.0,10,1,0,1
764097546,1,1,2018-12-02,M,31-40,601,5,33,0.0,0,0,0,0
605893200,1,1,2018-12-12,M,31-40,309,2,5,0.0,0,0,0,0
390083617,1,1,2018-12-01,M,31-40,1463,5,33,0.0,0,0,0,0
80288587,1,1,2018-12-13,M,18-23,4400,5,60509,58.0,7055,51,8,1
1100963656,1,1,2018-12-15,F,41-49,623,2,117,0.0,1,1,0,0
1044000837,1,1,2018-12-03,F,50+,3761,2,927,0.0,56,9,0,0
688907337,1,1,2018-12-04,M,50+,7297,2,16236,5.0,309,35,6,0
155493527,1,1,2018-12-19,F,24-30,3627,2,9437,56.0,135,74,2,7
757243146,1,1,2018-12-15,M,31-40,74,2,23,0.0,0,0,0,0
599943457,1,1,2018-12-07,F,18-23,522,3,546,37.0,216,18,0,0
844280943,1,1,2018-12-02,M,41-49,2890,2,2680,0.0,16,3,0,0
615390967,1,1,2018-12-06,M,24-30,3678,2,2289,0.0,298,21,0,0
757795012,1,1,2018-12-12,M,18-23,89,1,15,0.0,0,0,0,0
1112130148,1,1,2018-12-14,M,50+,7740,5,7816,45.0,173,91,0,5
524509997,1,1,2018-12-01,M,50+,341,1,25,0.0,0,0,0,0
331069032,1,1,2018-12-06,M,31-40,4425,2,11259,134.0,130,104,0,69
436348551,1,1,2018-12-16,F,24-30,385,1,8,0.0,0,0,0,0
698906219,1,1,2018-12-15,F,24-30,4960,2,15286,45.0,231,318,2,29
371916786,1,1,2018-12-10,F,41-49,6999,5,14010,66.0,680,129,0,0
433003773,1,1,2018-12-13,M,50+,646,1,554,0.0,3,6,0,0
375511879,1,1,2018-12-14,F,18-23,4087,2,10958,8.0,52,19,0,1
223086535,1,1,2018-12-14,M,24-30,14581,11,14601,53.0,1117,126,1,0
205461408,1,1,2018-12-14,M,18-23,494,2,47,0.0,0,0,0,0
1015881401,1,1,2018-12-17,M,41-49,52,1,0,0.0,0,0,0,0
135347706,1,1,2018-12-13,M,31-40,11038,3,25445,48.0,1668,134,0,5
46380664,1,1,2018-12-03,F,18-23,532,1,1232,0.0,9,11,0,0
794083037,1,1,2018-12-08,M,24-30,413,1,186,0.0,0,0,0,0
12709724,1,1,2018-12-14,M,18-23,2822,2,595,0.0,20,0,0,0
612826907,1,1,2018-12-12,M,41-49,152,1,11,0.0,0,0,0,0
550416833,1,1,2018-12-12,F,24-30,1361,2,2958,54.0,132,30,0,0
348822107,1,1,2018-12-18,M,24-30,4640,1,341581,62.0,3355,303,8,0
778211976,1,1,2018-12-18,M,24-30,74,1,23,0.0,0,0,0,0
687962193,1,1,2018-12-04,M,31-40,29,1,20,0.0,0,0,0,0
784512486,1,1,2018-12-08,F,24-30,2498,4,2637,0.0,174,28,1,0
323489443,1,1,2018-12-18,M,31-40,1578,1,1554,0.0,94,14,0,0
834384855,1,1,2018-12-14,F,50+,2493,3,3180,17.0,38,24,1,1
442786514,1,1,2018-12-09,M,31-40,2722,1,16432,1.0,370,41,3,0
174616900,1,1,2018-12-14,M,24-30,1833,3,1078,0.0,122,3,1,0
525561566,1,1,2018-12-15,M,31-40,5004,4,6283,57.0,2812,41,4,3
453184883,1,1,2018-12-12,M,18-23,1343,3,859,10.0,171,5,0,0
766129361,1,1,2018-12-09,M,31-40,3887,4,6679,284.0,228,50,1,1
849011433,1,1,2018-12-11,F,24-30,24799,6,1000240,1508.0,5887,1994,70,0
335766490,1,1,2018-12-08,M,50+,7778,1,54756,91.0,2718,354,0,0
746266433,1,1,2018-12-07,M,50+,1894,1,880,4.0,26,7,2,0
573633466,1,1,2018-12-14,F,18-23,853,1,134,0.0,1,0,0,0
786068219,0,0,2018-12-20,F,41-49,6515,1,51079,823.0,1681,314,1,46
880381550,0,0,2018-12-05,M,18-23,396,3,1601,1.0,110,12,0,0
617652039,0,0,2018-12-05,F,24-30,330,1,1195,0.0,93,4,0,0
30482136,0,0,2018-12-04,F,18-23,949,2,3820,30.0,20,33,0,0
370253512,0,0,2018-12-09,M,24-30,466,1,680,510.0,18,0,1,0
281894273,0,0,2018-12-15,F,24-30,12454,2,37838,656.0,221,500,0,61
739118201,0,0,2018-12-17,M,18-23,4,1,0,0.0,0,0,0,0
744887980,0,0,2018-12-13,F,24-30,1368,1,6138,0.0,3,33,0,0
200697872,0,0,2018-12-03,M,31-40,13,1,4,0.0,0,0,0,0
680819841,0,0,2018-12-17,F,18-23,1179,2,3187,745.0,267,22,0,0
325746659,0,0,2018-12-04,M,24-30,42,1,0,0.0,0,0,0,0
171361967,0,0,2018-12-02,F,12-17,1860,3,7759,33.0,313,96,0,0
1040260688,0,0,2018-12-04,F,31-40,785,2,2669,0.0,50,14,0,0
576605452,0,0,2018-12-03,F,31-40,967,1,3948,0.0,3,48,0,0
500810406,0,0,2018-12-20,F,41-49,24,1,0,0.0,0,0,0,0
638295365,0,0,2018-12-20,M,41-49,12,1,0,0.0,0,0,0,0
17785952,0,0,2018-12-18,M,18-23,36,1,1,0.0,0,0,0,0
158586487,0,0,2018-12-09,F,41-49,213,1,717,0.0,178,2,0,0
646962601,0,0,2018-12-14,F,24-30,27,1,0,0.0,0,0,0,0
300490043,0,0,2018-12-04,F,24-30,3834,1,10896,235.0,478,71,0,0
243580312,0,0,2018-12-10,M,41-49,994,1,5511,26.0,82,28,0,0
434484904,0,0,2018-12-15,F,24-30,40,1,42,0.0,0,0,0,0
137852013,0,0,2018-12-13,F,31-40,2233,4,6656,77.0,64,64,0,0
813348594,0,0,2018-12-08,M,41-49,8,1,0,0.0,0,0,0,0
758815654,0,0,2018-12-14,F,41-49,1835,1,7632,66.0,41,40,0,0
859672541,0,0,2018-12-19,F,41-49,4438,4,14216,64.0,720,89,3,0
12676354,0,0,2018-12-11,F,18-23,354,1,1847,5.0,12,7,0,0
45564729,0,0,2018-12-06,M,24-30,2195,3,6956,0.0,172,79,0,0
423943424,0,0,2018-12-02,F,24-30,764,3,3101,1.0,101,46,0,0
648356833,0,0,2018-12-13,F,31-40,29,1,7,0.0,2,0,0,0
115415811,0,0,2018-12-18,F,18-23,478,2,976,0.0,371,4,0,0
475624560,0,0,2018-12-18,F,24-30,48,1,20,0.0,0,0,0,0
84980041,0,0,2018-12-01,M,41-49,53,1,26,0.0,0,0,0,0
131956415,0,0,2018-12-06,F,41-49,721,1,3204,16.0,85,8,0,0
794693180,0,0,2018-12-06,M,24-30,21,1,0,0.0,0,0,0,0
526038273,0,0,2018-12-01,M,50+,359,1,1287,74.0,148,1,0,0
540858373,0,0,2018-12-09,F,41-49,276,1,858,0.0,25,5,0,0
53704746,0,0,2018-12-17,M,18-23,1190,2,4150,114.0,789,16,2,0
408037719,0,0,2018-12-19,F,24-30,21,1,0,0.0,0,0,0,0
286185533,0,0,2018-12-19,F,24-30,4528,7,13919,1.0,240,144,4,0
314787510,0,0,2018-12-05,F,18-23,164,1,349,0.0,24,8,0,0
92080953,0,0,2018-12-08,M,31-40,1912,2,6818,0.0,185,13,0,0
78250675,0,0,2018-12-15,F,18-23,34,1,6,0.0,0,0,0,0
125402391,0,0,2018-12-09,F,18-23,260,1,716,0.0,108,8,0,0
590158231,0,0,2018-12-12,M,31-40,5793,1,17401,59.0,564,133,0,35
901753229,0,0,2018-12-05,M,31-40,10595,2,28891,1391.0,1217,257,9,0
491612409,0,0,2018-12-19,F,41-49,20,1,0,0.0,0,0,0,0
370806134,0,0,2018-12-09,M,24-30,584,1,2229,29.0,61,10,2,0
660277001,0,0,2018-12-02,M,24-30,28,1,0,0.0,0,0,0,0
77822755,0,0,2018-12-08,F,18-23,39,1,14,0.0,4,0,0,0
804404285,0,0,2018-12-08,F,24-30,17,1,0,0.0,0,0,0,0
222604056,0,0,2018-12-18,F,24-30,33,1,10,0.0,0,0,0,0
233965618,0,0,2018-12-18,M,24-30,36,1,0,0.0,0,0,0,0
485152128,0,0,2018-12-02,M,24-30,920,2,2591,0.0,346,14,0,0
284165766,0,0,2018-12-07,F,18-23,24,1,1,0.0,0,0,0,0
630941257,0,0,2018-12-17,M,24-30,34,1,0,0.0,0,0,0,0
1078137994,0,0,2018-12-12,F,31-40,139,1,809,0.0,10,2,0,0
895103649,0,0,2018-12-02,F,24-30,2955,5,10358,0.0,17,15,1,0
28101972,0,0,2018-12-15,M,18-23,25,1,0,0.0,0,0,0,0
